TimeCET,TemperatureC,Dew PointC,Humidity,Sea Level PressurehPa,VisibilityKm,Wind Direction,Wind SpeedKm/h,Gust SpeedKm/h,Precipitationmm,Events,Conditions,WindDirDegrees,DateUTC
12:00 AM,0,-0,90,1017,8,West,10.8,,,,Mist,280,2015-11-22 23:00:00
12:25 AM,0.0,0.0,100,1016,8.0,West,9.3,-,N/A,,Partly Cloudy,270,2015-11-22 23:25:00
12:55 AM,1.0,0.0,93,1017,9.0,West,9.3,-,N/A,,Overcast,280,2015-11-22 23:55:00
1:00 AM,1,-0,92,1017,9,West,14.4,,,,Mist,280,2015-11-23 00:00:00
1:25 AM,1.0,0.0,93,1017,10.0,West,9.3,-,N/A,,Unknown,270,2015-11-23 00:25:00
1:55 AM,1.0,0.0,93,1017,10.0,West,9.3,-,N/A,,Scattered Clouds,280,2015-11-23 00:55:00
2:00 AM,1,-0,91,1018,16,West,10.8,,,,Overcast,280,2015-11-23 01:00:00
2:25 AM,1.0,0.0,93,1017,10.0,West,11.1,-,N/A,,Scattered Clouds,280,2015-11-23 01:25:00
2:55 AM,1.0,0.0,93,1017,10.0,WNW,9.3,-,N/A,,Overcast,290,2015-11-23 01:55:00
3:00 AM,1,-0,86,1018,22,WNW,10.8,,,,Overcast,290,2015-11-23 02:00:00
3:25 AM,1.0,0.0,93,1018,10.0,WNW,7.4,-,N/A,,Mostly Cloudy,300,2015-11-23 02:25:00
3:55 AM,1.0,0.0,93,1018,10.0,WNW,7.4,-,N/A,,Scattered Clouds,300,2015-11-23 02:55:00
4:00 AM,1,-0,86,1019,20,WNW,7.2,,,,Partly Cloudy,300,2015-11-23 03:00:00
4:25 AM,1.0,-1.0,87,1018,10.0,WNW,5.6,-,N/A,,Mostly Cloudy,290,2015-11-23 03:25:00
4:55 AM,0.0,-1.0,93,1019,10.0,Variable,3.7,-,N/A,,Partly Cloudy,0,2015-11-23 03:55:00
5:00 AM,0,-1,84,1020,17,West,7.2,,,,Mostly Cloudy,280,2015-11-23 04:00:00
5:25 AM,1.0,-1.0,87,1019,10.0,West,5.6,-,N/A,,Overcast,270,2015-11-23 04:25:00
5:55 AM,0.0,-1.0,93,1019,10.0,Variable,3.7,-,N/A,,Mostly Cloudy,0,2015-11-23 04:55:00
6:00 AM,0,-1,88,1021,18,West,3.6,,,,Scattered Clouds,270,2015-11-23 05:00:00
6:25 AM,-1.0,-2.0,93,1020,10.0,SW,5.6,-,N/A,,Mostly Cloudy,230,2015-11-23 05:25:00
6:55 AM,0.0,-1.0,93,1020,10.0,WSW,7.4,-,N/A,,Overcast,240,2015-11-23 05:55:00
7:00 AM,0,-1,88,1022,15,SW,7.2,,,,Partly Cloudy,230,2015-11-23 06:00:00
7:25 AM,0.0,-1.0,93,1021,10.0,SSW,7.4,-,N/A,,Mostly Cloudy,210,2015-11-23 06:25:00
7:55 AM,0.0,-1.0,93,1021,9.0,West,7.4,-,N/A,,Unknown,260,2015-11-23 06:55:00
8:00 AM,-0,-1,95,1022,9,WSW,3.6,,,,Mist,250,2015-11-23 07:00:00
8:25 AM,-1.0,-1.0,100,1021,7.0,SW,9.3,-,N/A,,Overcast,220,2015-11-23 07:25:00
8:55 AM,0.0,-1.0,93,1022,6.0,WSW,7.4,-,N/A,,Unknown,240,2015-11-23 07:55:00
9:00 AM,-1,-1,93,1023,6,SW,7.2,,,,Mist,230,2015-11-23 08:00:00
9:25 AM,0.0,-1.0,93,1022,4.5,SW,9.3,-,N/A,,Mist,220,2015-11-23 08:25:00
9:55 AM,1.0,0.0,93,1023,9.0,SW,7.4,-,N/A,,Unknown,230,2015-11-23 08:55:00
10:00 AM,1,-1,89,1024,9,SW,7.2,,,,Mist,220,2015-11-23 09:00:00
10:25 AM,2.0,0.0,87,1023,10.0,SW,9.3,-,N/A,,Unknown,220,2015-11-23 09:25:00
10:55 AM,2.0,0.0,87,1024,10.0,SW,11.1,-,N/A,,Unknown,220,2015-11-23 09:55:00
11:00 AM,2,0,82,1025,14,SSW,10.8,,,,Scattered Clouds,210,2015-11-23 10:00:00
11:25 AM,3.0,0.0,81,1024,10.0,SSW,13.0,-,N/A,,Unknown,210,2015-11-23 10:25:00
11:55 AM,4.0,1.0,81,1024,10.0,SSW,13.0,-,N/A,,Unknown,210,2015-11-23 10:55:00
12:00 PM,4,0,70,1025,17,SSW,10.8,,,,Partly Cloudy,210,2015-11-23 11:00:00
12:25 PM,4.0,1.0,81,1024,10.0,SSW,11.1,-,N/A,,Unknown,210,2015-11-23 11:25:00
12:55 PM,5.0,1.0,76,1024,10.0,SSW,11.1,-,N/A,,Unknown,200,2015-11-23 11:55:00
1:00 PM,5,1,68,1025,19,SSW,10.8,,,,Partly Cloudy,210,2015-11-23 12:00:00
1:25 PM,5.0,1.0,76,1024,10.0,SW,11.1,-,N/A,,Unknown,220,2015-11-23 12:25:00
1:55 PM,5.0,1.0,76,1024,10.0,WSW,9.3,-,N/A,,Unknown,250,2015-11-23 12:55:00
2:00 PM,5,1,66,1025,20,WSW,10.8,,,,Partly Cloudy,240,2015-11-23 13:00:00
2:25 PM,5.0,1.0,76,1024,10.0,SW,11.1,-,N/A,,Unknown,230,2015-11-23 13:25:00
2:55 PM,5.0,1.0,76,1024,10.0,SW,13.0,-,N/A,,Unknown,220,2015-11-23 13:55:00
3:00 PM,5,1,66,1025,22,SW,10.8,,,,Scattered Clouds,230,2015-11-23 14:00:00
3:25 PM,5.0,1.0,76,1024,10.0,SW,13.0,-,N/A,,Unknown,230,2015-11-23 14:25:00
3:55 PM,4.0,1.0,81,1024,10.0,SW,13.0,-,N/A,,Unknown,230,2015-11-23 14:55:00
4:00 PM,4,1,73,1025,14,WSW,10.8,,,,Scattered Clouds,240,2015-11-23 15:00:00
4:25 PM,3.0,1.0,87,1024,10.0,WSW,9.3,-,N/A,,Unknown,240,2015-11-23 15:25:00
4:55 PM,3.0,0.0,81,1024,10.0,WSW,9.3,-,N/A,,Unknown,240,2015-11-23 15:55:00
5:00 PM,2,0,81,1025,11,SW,10.8,,,,Scattered Clouds,230,2015-11-23 16:00:00
5:25 PM,2.0,0.0,87,1024,9.0,SW,11.1,-,N/A,,Unknown,230,2015-11-23 16:25:00
5:55 PM,2.0,1.0,93,1025,7.0,SW,11.1,-,N/A,,Unknown,230,2015-11-23 16:55:00
6:00 PM,2,1,86,1026,7,SW,10.8,,,,Mist,220,2015-11-23 17:00:00
6:25 PM,2.0,1.0,93,1025,6.0,SW,11.1,-,N/A,,Unknown,220,2015-11-23 17:25:00
6:55 PM,1.0,0.0,93,1025,5.0,SSW,11.1,-,N/A,,Mist,200,2015-11-23 17:55:00
7:00 PM,1,-0,92,1026,6,SSW,7.2,,,,Mist,200,2015-11-23 18:00:00
7:25 PM,1.0,0.0,93,1025,6.0,SSW,13.0,-,N/A,,Unknown,210,2015-11-23 18:25:00
7:55 PM,0.0,-1.0,93,1025,6.0,SSW,13.0,-,N/A,,Unknown,210,2015-11-23 18:55:00
8:00 PM,0,-1,88,1026,6,SSW,10.8,,,,Mist,200,2015-11-23 19:00:00
8:25 PM,1.0,0.0,93,1024,8.0,SSW,14.8,-,N/A,,Unknown,200,2015-11-23 19:25:00
8:55 PM,1.0,0.0,93,1025,9.0,South,14.8,-,N/A,,Unknown,190,2015-11-23 19:55:00
9:00 PM,2,0,84,1026,9,South,14.4,,,,Mist,180,2015-11-23 20:00:00
9:25 PM,1.0,0.0,93,1025,9.0,SSW,14.8,-,N/A,,Unknown,200,2015-11-23 20:25:00
9:55 PM,1.0,0.0,93,1024,8.0,SSW,16.7,-,N/A,,Unknown,200,2015-11-23 20:55:00
10:00 PM,1,-1,89,1026,8,South,14.4,,,,Mist,190,2015-11-23 21:00:00
10:25 PM,1.0,-1.0,87,1024,8.0,SSW,14.8,-,N/A,,Unknown,200,2015-11-23 21:25:00
10:55 PM,1.0,0.0,93,1024,9.0,SSW,16.7,-,N/A,,Unknown,200,2015-11-23 21:55:00
11:00 PM,1,-0,85,1025,9,SSW,14.4,,,,Mist,200,2015-11-23 22:00:00
11:25 PM,1.0,0.0,93,1024,9.0,SSW,20.4,-,N/A,,Unknown,200,2015-11-23 22:25:00
11:55 PM,1.0,0.0,93,1024,9.0,SSW,20.4,-,N/A,,Unknown,200,2015-11-23 22:55:00
12:00 AM,1,-0,86,1025,10,South,14.4,,,,Overcast,190,2015-11-23 23:00:00
12:25 AM,1.0,-1.0,87,1024,10.0,SSW,20.4,-,N/A,,Unknown,200,2015-11-23 23:25:00
12:55 AM,1.0,-1.0,87,1023,10.0,SSW,18.5,-,N/A,,Unknown,200,2015-11-23 23:55:00
1:00 AM,1,-1,86,1024,12,SSW,14.4,,,,Partly Cloudy,200,2015-11-24 00:00:00
1:25 AM,1.0,-1.0,87,1023,10.0,South,22.2,-,N/A,,Unknown,190,2015-11-24 00:25:00
1:55 AM,1.0,-1.0,87,1023,10.0,SSW,20.4,-,N/A,,Unknown,200,2015-11-24 00:55:00
2:00 AM,1,-2,76,1024,17,South,18.0,,,,Overcast,190,2015-11-24 01:00:00
2:25 AM,1.0,-2.0,81,1023,10.0,SSW,22.2,-,N/A,,Unknown,200,2015-11-24 01:25:00
2:55 AM,1.0,-2.0,81,1022,10.0,SSW,22.2,-,N/A,,Unknown,200,2015-11-24 01:55:00
3:00 AM,1,-2,77,1023,22,South,18.0,,,,Overcast,190,2015-11-24 02:00:00
3:25 AM,1.0,-2.0,81,1022,10.0,SSW,24.1,-,N/A,,Unknown,200,2015-11-24 02:25:00
3:55 AM,1.0,-2.0,81,1022,10.0,SSW,24.1,-,N/A,,Unknown,200,2015-11-24 02:55:00
4:00 AM,1,-2,77,1023,19,SSW,25.2,,,,Partly Cloudy,200,2015-11-24 03:00:00
4:25 AM,1.0,-2.0,81,1021,10.0,SSW,22.2,-,N/A,,Unknown,200,2015-11-24 03:25:00
4:55 AM,1.0,-2.0,81,1021,10.0,SSW,22.2,-,N/A,,Unknown,200,2015-11-24 03:55:00
5:00 AM,1,-2,74,1022,18,SSW,21.6,,,,Mostly Cloudy,200,2015-11-24 04:00:00
5:25 AM,1.0,-2.0,81,1021,10.0,SSW,27.8,-,N/A,,Unknown,200,2015-11-24 04:25:00
5:55 AM,1.0,-2.0,81,1020,10.0,SSW,27.8,-,N/A,,Unknown,200,2015-11-24 04:55:00
6:00 AM,1,-2,73,1022,22,SSW,21.6,,,,Scattered Clouds,200,2015-11-24 05:00:00
6:25 AM,1.0,-2.0,81,1020,10.0,SSW,27.8,-,N/A,,Unknown,200,2015-11-24 05:25:00
6:55 AM,1.0,-2.0,81,1020,10.0,SSW,27.8,-,N/A,,Unknown,200,2015-11-24 05:55:00
7:00 AM,1,-2,72,1021,24,SSW,21.6,,,,Partly Cloudy,200,2015-11-24 06:00:00
7:25 AM,1.0,-2.0,81,1020,10.0,SSW,25.9,-,N/A,,Unknown,200,2015-11-24 06:25:00
7:55 AM,1.0,-2.0,81,1020,10.0,SSW,29.6,-,N/A,,Unknown,200,2015-11-24 06:55:00
8:00 AM,1,-2,73,1020,24,SSW,21.6,,,,Overcast,200,2015-11-24 07:00:00
8:25 AM,2.0,-2.0,75,1019,10.0,SSW,29.6,-,N/A,,Unknown,200,2015-11-24 07:25:00
8:55 AM,2.0,-2.0,75,1019,10.0,SSW,31.5,-,N/A,,Unknown,200,2015-11-24 07:55:00
9:00 AM,2,-2,70,1020,25,SSW,25.2,,,,Partly Cloudy,200,2015-11-24 08:00:00
9:25 AM,2.0,-2.0,75,1019,10.0,SSW,35.2,-,N/A,,Unknown,200,2015-11-24 08:25:00
9:55 AM,2.0,-2.0,75,1019,10.0,SSW,33.3,-,N/A,,Partly Cloudy,200,2015-11-24 08:55:00
10:00 AM,2,-2,71,1019,26,SSW,36.0,,,,Partly Cloudy,200,2015-11-24 09:00:00
10:25 AM,2.0,-2.0,75,1018,10.0,SSW,35.2,-,N/A,,Mostly Cloudy,200,2015-11-24 09:25:00
10:55 AM,2.0,-1.0,81,1018,10.0,SSW,29.6,-,N/A,Snow,Light Snow Grains,200,2015-11-24 09:55:00
11:00 AM,2,-1,70,1019,20,SSW,28.8,,,Snow,Snow,200,2015-11-24 10:00:00
11:25 AM,3.0,-1.0,75,1018,10.0,SSW,40.7,-,N/A,,Mostly Cloudy,210,2015-11-24 10:25:00
11:55 AM,3.0,-1.0,75,1017,10.0,SSW,38.9,-,N/A,,Light Drizzle,210,2015-11-24 10:55:00
12:00 PM,3,-1,68,1017,18,SSW,36.0,,,Rain,Rain,200,2015-11-24 11:00:00
12:25 PM,3.0,-1.0,75,1016,10.0,SSW,38.9,-,N/A,Rain,Light Rain,200,2015-11-24 11:25:00
12:55 PM,3.0,0.0,81,1015,10.0,SSW,38.9,-,N/A,Rain,Drizzle,200,2015-11-24 11:55:00
1:00 PM,2,-0,79,1016,9,SSW,32.4,,,Rain,Light Rain Showers,200,2015-11-24 12:00:00
1:25 PM,2.0,0.0,87,1015,9.0,SSW,40.7,-,N/A,Rain,Light Rain,200,2015-11-24 12:25:00
1:55 PM,2.0,0.0,87,1014,9.0,SSW,38.9,-,N/A,Rain,Light Rain,200,2015-11-24 12:55:00
2:00 PM,2,0,81,1015,13,SSW,36.0,,,Rain,Light Drizzle,200,2015-11-24 13:00:00
2:25 PM,3.0,0.0,81,1014,10.0,SSW,40.7,-,N/A,Rain,Light Rain,200,2015-11-24 13:25:00
2:55 PM,2.0,0.0,87,1013,9.0,SSW,37.0,-,N/A,Rain,Light Rain,200,2015-11-24 13:55:00
3:00 PM,2,0,83,1013,9,South,28.8,,,Rain,Light Rain,190,2015-11-24 14:00:00
3:25 PM,2.0,1.0,93,1012,10.0,SSW,37.0,-,N/A,Rain,Light Rain,200,2015-11-24 14:25:00
3:55 PM,2.0,1.0,93,1011,10.0,SSW,40.7,-,N/A,Rain,Light Rain,200,2015-11-24 14:55:00
4:00 PM,2,0,84,1012,7,SSW,39.6,,,Rain,Rain,200,2015-11-24 15:00:00
4:25 PM,2.0,1.0,93,1011,6.0,SSW,38.9,-,N/A,Rain,Light Rain,200,2015-11-24 15:25:00
4:55 PM,2.0,1.0,93,1011,-9999.0,SSW,37.0,-,N/A,Rain-Snow,Light Rain,200,2015-11-24 15:55:00
5:00 PM,2,1,90,1012,3.2,SSW,28.8,,,Rain,Light Rain,200,2015-11-24 16:00:00
5:25 PM,3.0,1.0,87,1011,8.0,SSW,33.3,-,N/A,Rain,Light Rain,200,2015-11-24 16:25:00
5:55 PM,3.0,1.0,87,1011,6.0,SSW,31.5,-,N/A,Rain,Light Rain,210,2015-11-24 16:55:00
6:00 PM,2,1,91,1012,4.3,SSW,25.2,,,Rain,Rain,210,2015-11-24 17:00:00
6:25 PM,3.0,1.0,87,1011,7.0,SSW,31.5,-,N/A,Rain-Snow,Light Rain,210,2015-11-24 17:25:00
6:55 PM,2.0,1.0,93,1010,7.0,SSW,35.2,-,N/A,Rain,Rain,210,2015-11-24 17:55:00
7:00 PM,2,1,89,1011,5,SSW,28.8,,,Rain,Light Rain Showers,210,2015-11-24 18:00:00
7:25 PM,2.0,1.0,93,1010,6.0,SSW,31.5,-,N/A,Rain,Light Rain Showers,210,2015-11-24 18:25:00
7:55 PM,3.0,1.0,87,1010,10.0,SSW,27.8,-,N/A,Rain,Light Rain,200,2015-11-24 18:55:00
8:00 PM,3,1,87,1010,11,SSW,21.6,,,Rain,Drizzle,210,2015-11-24 19:00:00
8:25 PM,3.0,1.0,87,1009,7.0,SSW,25.9,-,N/A,,Drizzle,210,2015-11-24 19:25:00
8:55 PM,3.0,2.0,93,1009,9.0,SSW,25.9,-,N/A,,Heavy Drizzle,210,2015-11-24 19:55:00
9:00 PM,3,2,89,1010,9,SSW,21.6,,,Rain,Drizzle,210,2015-11-24 20:00:00
9:25 PM,3.0,2.0,93,1009,7.0,SSW,25.9,-,N/A,Rain,Light Rain,210,2015-11-24 20:25:00
9:55 PM,3.0,2.0,93,1009,8.0,SSW,22.2,-,N/A,,Drizzle,210,2015-11-24 20:55:00
10:00 PM,3,2,90,1009,8,SSW,21.6,,,Rain,Drizzle,210,2015-11-24 21:00:00
10:25 PM,3.0,2.0,93,1008,10.0,SSW,24.1,-,N/A,,Light Drizzle,200,2015-11-24 21:25:00
10:55 PM,3.0,2.0,93,1008,10.0,SSW,22.2,-,N/A,,Overcast,210,2015-11-24 21:55:00
11:00 PM,3,2,91,1009,18,SSW,18.0,,,Rain,Drizzle,200,2015-11-24 22:00:00
11:25 PM,3.0,2.0,93,1008,10.0,SSW,22.2,-,N/A,,Light Drizzle,200,2015-11-24 22:25:00
11:55 PM,3.0,2.0,93,1008,10.0,SSW,24.1,-,N/A,Rain,Light Rain,200,2015-11-24 22:55:00
12:00 AM,3,2,92,1008,10,South,18.0,,,Rain,Drizzle,190,2015-11-24 23:00:00
12:25 AM,3.0,2.0,93,1007,10.0,SSW,25.9,-,N/A,Rain,Light Rain,200,2015-11-24 23:25:00
12:55 AM,3.0,2.0,93,1007,9.0,SSW,22.2,-,N/A,,Overcast,200,2015-11-24 23:55:00
1:00 AM,3,2,92,1008,6,SSW,14.4,,,Rain,Drizzle,200,2015-11-25 00:00:00
1:25 AM,4.0,3.0,93,1007,6.0,SSW,20.4,-,N/A,,Overcast,200,2015-11-25 00:25:00
1:55 AM,4.0,3.0,93,1006,8.0,SSW,22.2,-,N/A,,Overcast,200,2015-11-25 00:55:00
2:00 AM,4,3,93,1007,10,SSW,14.4,,,,Overcast,210,2015-11-25 01:00:00
2:25 AM,4.0,3.0,93,1006,8.0,SSW,18.5,-,N/A,,Light Drizzle,210,2015-11-25 01:25:00
2:55 AM,5.0,4.0,93,1006,6.0,SW,18.5,-,N/A,,Light Drizzle,220,2015-11-25 01:55:00
3:00 AM,5,4,95,1007,7,SW,18.0,,,Rain,Light Rain Showers,220,2015-11-25 02:00:00
3:25 AM,5.0,4.0,93,1006,10.0,SW,18.5,-,N/A,,Overcast,220,2015-11-25 02:25:00
3:55 AM,5.0,4.0,93,1006,6.0,SW,16.7,-,N/A,,Drizzle,220,2015-11-25 02:55:00
4:00 AM,5,4,94,1007,6,SW,14.4,,,Rain,Drizzle,220,2015-11-25 03:00:00
4:25 AM,5.0,5.0,100,1006,6.0,SW,16.7,-,N/A,Rain,Light Rain,220,2015-11-25 03:25:00
4:55 AM,5.0,5.0,100,1006,6.0,SW,14.8,-,N/A,Rain,Light Rain,220,2015-11-25 03:55:00
5:00 AM,5,5,92,1006,6,SSW,14.4,,,Rain,Rain,210,2015-11-25 04:00:00
5:25 AM,6.0,5.0,93,1006,9.0,SW,18.5,-,N/A,,Overcast,220,2015-11-25 04:25:00
5:55 AM,5.0,5.0,100,1006,8.0,SW,16.7,-,N/A,,Light Drizzle,230,2015-11-25 04:55:00
6:00 AM,5,5,93,1006,8,SW,14.4,,,Rain,Drizzle,220,2015-11-25 05:00:00
6:25 AM,5.0,5.0,100,1006,9.0,SW,16.7,-,N/A,,Overcast,230,2015-11-25 05:25:00
6:55 AM,6.0,5.0,93,1006,9.0,SW,14.8,-,N/A,,Overcast,230,2015-11-25 05:55:00
7:00 AM,6,5,94,1006,9,SW,10.8,,,,Mist,230,2015-11-25 06:00:00
7:25 AM,6.0,5.0,93,1006,9.0,SW,14.8,-,N/A,,Overcast,230,2015-11-25 06:25:00
7:55 AM,6.0,5.0,93,1006,8.0,SW,14.8,-,N/A,,Overcast,230,2015-11-25 06:55:00
8:00 AM,6,5,92,1007,7,SW,14.4,,,,Mist,230,2015-11-25 07:00:00
8:25 AM,6.0,5.0,93,1006,7.0,SW,14.8,-,N/A,,Overcast,230,2015-11-25 07:25:00
8:55 AM,6.0,5.0,93,1006,5.0,WSW,14.8,-,N/A,Rain,Rain,240,2015-11-25 07:55:00
9:00 AM,6,5,91,1007,5,West,10.8,,,Rain,Light Rain Showers,260,2015-11-25 08:00:00
9:25 AM,6.0,5.0,93,1006,8.0,SW,14.8,-,N/A,,Scattered Clouds,230,2015-11-25 08:25:00
9:55 AM,6.0,5.0,93,1006,7.0,SW,14.8,-,N/A,,Overcast,230,2015-11-25 08:55:00
10:00 AM,6,5,92,1007,7,SW,14.4,,,Rain,Rain,230,2015-11-25 09:00:00
10:25 AM,6.0,5.0,93,1006,10.0,WSW,16.7,-,N/A,,Mostly Cloudy,240,2015-11-25 09:25:00
10:55 AM,6.0,4.0,87,1006,10.0,WSW,13.0,-,N/A,,Overcast,240,2015-11-25 09:55:00
11:00 AM,6,4,81,1007,19,SW,14.4,,,,Partly Cloudy,230,2015-11-25 10:00:00
11:25 AM,6.0,4.0,87,1006,10.0,WSW,13.0,-,N/A,,Mostly Cloudy,240,2015-11-25 10:25:00
11:55 AM,7.0,5.0,87,1006,10.0,West,14.8,-,N/A,,Scattered Clouds,260,2015-11-25 10:55:00
12:00 PM,7,5,80,1006,22,West,14.4,,,,Partly Cloudy,260,2015-11-25 11:00:00
12:25 PM,7.0,5.0,87,1006,10.0,West,11.1,-,N/A,,Overcast,270,2015-11-25 11:25:00
12:55 PM,7.0,5.0,87,1005,10.0,West,11.1,-,N/A,,Overcast,280,2015-11-25 11:55:00
1:00 PM,7,5,78,1006,14,West,10.8,,,Rain,Light Rain Showers,280,2015-11-25 12:00:00
1:25 PM,5.0,4.0,93,1006,10.0,WNW,11.1,-,N/A,Rain,Drizzle,300,2015-11-25 12:25:00
1:55 PM,6.0,4.0,87,1005,10.0,West,7.4,-,N/A,,Mostly Cloudy,270,2015-11-25 12:55:00
2:00 PM,6,4,86,1006,27,West,7.2,,,Rain,Rain,270,2015-11-25 13:00:00
2:25 PM,5.0,4.0,93,1005,10.0,West,9.3,-,N/A,,Overcast,270,2015-11-25 13:25:00
2:55 PM,6.0,4.0,87,1006,10.0,West,7.4,-,N/A,,Mostly Cloudy,270,2015-11-25 13:55:00
3:00 PM,6,4,85,1006,25,WNW,10.8,,,Rain,Rain,290,2015-11-25 14:00:00
3:25 PM,6.0,4.0,87,1006,10.0,WNW,9.3,-,N/A,,Partly Cloudy,290,2015-11-25 14:25:00
3:55 PM,6.0,4.0,87,1006,10.0,West,7.4,-,N/A,,Partly Cloudy,280,2015-11-25 14:55:00
4:00 PM,6,4,84,1007,28,West,7.2,,,,Partly Cloudy,260,2015-11-25 15:00:00
4:25 PM,5.0,4.0,93,1006,10.0,West,7.4,-,N/A,,Mostly Cloudy,270,2015-11-25 15:25:00
4:55 PM,5.0,4.0,93,1006,10.0,West,7.4,-,N/A,,Mostly Cloudy,280,2015-11-25 15:55:00
5:00 PM,5,4,86,1007,30,West,7.2,,,,Partly Cloudy,280,2015-11-25 16:00:00
5:25 PM,5.0,4.0,93,1006,10.0,West,7.4,-,N/A,,Partly Cloudy,260,2015-11-25 16:25:00
5:55 PM,5.0,4.0,93,1007,10.0,West,9.3,-,N/A,,Partly Cloudy,270,2015-11-25 16:55:00
6:00 PM,5,4,88,1008,17,West,10.8,,,,Partly Cloudy,270,2015-11-25 17:00:00
6:25 PM,5.0,3.0,87,1007,10.0,WNW,9.3,-,N/A,,Mostly Cloudy,290,2015-11-25 17:25:00
6:55 PM,5.0,4.0,93,1007,10.0,West,9.3,-,N/A,,Overcast,280,2015-11-25 17:55:00
7:00 PM,5,4,94,1008,14,WNW,10.8,,,,Partly Cloudy,290,2015-11-25 18:00:00
7:25 PM,5.0,4.0,93,1008,10.0,West,9.3,-,N/A,,Overcast,280,2015-11-25 18:25:00
7:55 PM,4.0,3.0,93,1008,10.0,West,7.4,-,N/A,,Mostly Cloudy,270,2015-11-25 18:55:00
8:00 PM,4,4,91,1009,10,West,7.2,,,,Overcast,260,2015-11-25 19:00:00
8:25 PM,4.0,4.0,100,1008,10.0,West,9.3,-,N/A,,Mostly Cloudy,270,2015-11-25 19:25:00
8:55 PM,5.0,4.0,93,1009,10.0,West,9.3,-,N/A,,Mostly Cloudy,270,2015-11-25 19:55:00
9:00 PM,4,4,93,1010,10,West,10.8,,,Rain,Light Drizzle,280,2015-11-25 20:00:00
9:25 PM,5.0,4.0,93,1009,10.0,West,9.3,-,N/A,,Overcast,270,2015-11-25 20:25:00
9:55 PM,4.0,3.0,93,1009,10.0,West,7.4,-,N/A,,Mostly Cloudy,270,2015-11-25 20:55:00
10:00 PM,4,4,91,1010,12,West,10.8,,,Rain,Drizzle,270,2015-11-25 21:00:00
10:25 PM,4.0,3.0,93,1009,10.0,West,9.3,-,N/A,,Mostly Cloudy,260,2015-11-25 21:25:00
10:55 PM,4.0,4.0,100,1010,10.0,West,9.3,-,N/A,,Mostly Cloudy,260,2015-11-25 21:55:00
11:00 PM,4,4,96,1010,9,West,7.2,,,,Mist,260,2015-11-25 22:00:00
11:25 PM,4.0,4.0,100,1010,10.0,West,11.1,-,N/A,,Overcast,270,2015-11-25 22:25:00
11:55 PM,4.0,4.0,100,1010,10.0,West,7.4,-,N/A,,Mostly Cloudy,280,2015-11-25 22:55:00
12:00 AM,4,3,90,1011,11,WNW,7.2,,,Rain,Drizzle,290,2015-11-25 23:00:00
12:25 AM,4.0,4.0,100,1010,10.0,West,9.3,-,N/A,,Mostly Cloudy,280,2015-11-25 23:25:00
12:55 AM,4.0,4.0,100,1011,10.0,West,9.3,-,N/A,,Overcast,280,2015-11-25 23:55:00
1:00 AM,4,3,90,1012,11,West,10.8,,,,Partly Cloudy,280,2015-11-26 00:00:00
1:25 AM,4.0,3.0,93,1011,10.0,WNW,9.3,-,N/A,,Mostly Cloudy,290,2015-11-26 00:25:00
1:55 AM,4.0,3.0,93,1011,10.0,WNW,7.4,-,N/A,,Mostly Cloudy,290,2015-11-26 00:55:00
2:00 AM,4,2,92,1012,12,WNW,10.8,,,,Scattered Clouds,300,2015-11-26 01:00:00
2:25 AM,3.0,2.0,93,1011,10.0,West,5.6,-,N/A,,Scattered Clouds,270,2015-11-26 01:25:00
2:55 AM,3.0,2.0,93,1012,9.0,West,7.4,-,N/A,,Mostly Cloudy,280,2015-11-26 01:55:00
3:00 AM,3,2,94,1013,10,WNW,10.8,,,,Partly Cloudy,290,2015-11-26 02:00:00
3:25 AM,3.0,2.0,93,1012,8.0,West,7.4,-,N/A,,Partly Cloudy,260,2015-11-26 02:25:00
3:55 AM,2.0,2.0,100,1012,9.0,West,7.4,-,N/A,,Unknown,270,2015-11-26 02:55:00
4:00 AM,2,2,95,1013,9,West,7.2,,,,Mist,280,2015-11-26 03:00:00
4:25 AM,3.0,2.0,93,1012,10.0,West,7.4,-,N/A,,Partly Cloudy,280,2015-11-26 03:25:00
4:55 AM,3.0,2.0,93,1013,10.0,Variable,3.7,-,N/A,,Mostly Cloudy,0,2015-11-26 03:55:00
5:00 AM,3,2,90,1014,12,West,7.2,,,,Overcast,280,2015-11-26 04:00:00
5:25 AM,3.0,2.0,93,1013,10.0,West,7.4,-,N/A,,Unknown,270,2015-11-26 04:25:00
5:55 AM,3.0,2.0,93,1013,10.0,Variable,3.7,-,N/A,,Unknown,0,2015-11-26 04:55:00
6:00 AM,3,1,87,1014,13,West,7.2,,,,Partly Cloudy,260,2015-11-26 05:00:00
6:25 AM,2.0,1.0,93,1014,10.0,WSW,5.6,-,N/A,,Unknown,240,2015-11-26 05:25:00
6:55 AM,1.0,0.0,93,1014,2.5,SSW,9.3,-,N/A,,Mostly Cloudy,210,2015-11-26 05:55:00
7:00 AM,1,1,96,1015,1.7,SW,7.2,,,,Mist,220,2015-11-26 06:00:00
7:25 AM,1.0,1.0,100,1014,2.0,SW,9.3,-,N/A,,Scattered Clouds,220,2015-11-26 06:25:00
7:55 AM,1.0,1.0,100,1015,4.0,SW,7.4,-,N/A,,Mostly Cloudy,220,2015-11-26 06:55:00
8:00 AM,1,1,98,1016,3.3,SW,7.2,,,,Mist,220,2015-11-26 07:00:00
8:25 AM,2.0,1.0,93,1015,8.0,WSW,7.4,-,N/A,,Partly Cloudy,250,2015-11-26 07:25:00
8:55 AM,1.0,1.0,100,1016,7.0,WSW,5.6,-,N/A,,Partly Cloudy,250,2015-11-26 07:55:00
9:00 AM,1,1,96,1017,7,SSW,7.2,,,,Mist,200,2015-11-26 08:00:00
9:25 AM,2.0,1.0,93,1016,6.0,SW,5.6,-,N/A,,Unknown,220,2015-11-26 08:25:00
9:55 AM,3.0,2.0,93,1016,10.0,WSW,5.6,-,N/A,,Unknown,240,2015-11-26 08:55:00
10:00 AM,3,2,91,1017,13,SSW,7.2,,,,Scattered Clouds,210,2015-11-26 09:00:00
10:25 AM,4.0,3.0,93,1017,6.0,SSW,7.4,-,N/A,,Unknown,200,2015-11-26 09:25:00
10:55 AM,5.0,3.0,87,1017,9.0,SSW,7.4,-,N/A,,Unknown,210,2015-11-26 09:55:00
11:00 AM,5,4,87,1018,12,SW,7.2,,,,,220,2015-11-26 10:00:00
11:25 AM,6.0,3.0,81,1018,10.0,SW,7.4,-,N/A,,Unknown,230,2015-11-26 10:25:00
11:55 AM,6.0,3.0,81,1018,10.0,West,5.6,-,N/A,,Unknown,260,2015-11-26 10:55:00
12:00 PM,6,3,76,1019,18,WSW,7.2,,,,Scattered Clouds,240,2015-11-26 11:00:00
12:25 PM,7.0,4.0,81,1018,10.0,WSW,5.6,-,N/A,,Unknown,250,2015-11-26 11:25:00
12:55 PM,7.0,4.0,81,1018,10.0,WSW,5.6,-,N/A,,Unknown,250,2015-11-26 11:55:00
1:00 PM,8,4,70,1019,23,WSW,3.6,,,,Partly Cloudy,250,2015-11-26 12:00:00
1:25 PM,7.0,4.0,81,1018,10.0,WSW,5.6,-,N/A,,Unknown,240,2015-11-26 12:25:00
1:55 PM,8.0,4.0,76,1018,10.0,SW,7.4,-,N/A,,Unknown,220,2015-11-26 12:55:00
2:00 PM,8,4,69,1019,23,SW,7.2,,,,Scattered Clouds,220,2015-11-26 13:00:00
2:25 PM,8.0,4.0,76,1018,10.0,WSW,7.4,-,N/A,,Unknown,240,2015-11-26 13:25:00
2:55 PM,8.0,4.0,76,1019,10.0,WSW,7.4,-,N/A,,Unknown,240,2015-11-26 13:55:00
3:00 PM,8,4,69,1020,27,,3.6,,,,Scattered Clouds,,2015-11-26 14:00:00
3:25 PM,7.0,4.0,81,1019,10.0,WSW,7.4,-,N/A,,Unknown,250,2015-11-26 14:25:00
3:55 PM,7.0,4.0,81,1019,10.0,West,3.7,-,N/A,,Unknown,260,2015-11-26 14:55:00
4:00 PM,7,3,72,1020,19,WSW,3.6,,,,Partly Cloudy,240,2015-11-26 15:00:00
4:25 PM,6.0,3.0,81,1019,10.0,WSW,3.7,-,N/A,,Partly Cloudy,240,2015-11-26 15:25:00
4:55 PM,5.0,3.0,87,1019,10.0,SSW,7.4,-,N/A,,Unknown,210,2015-11-26 15:55:00
5:00 PM,6,3,73,1020,16,South,7.2,,,,,180,2015-11-26 16:00:00
5:25 PM,5.0,3.0,87,1020,10.0,SSW,7.4,-,N/A,,Unknown,200,2015-11-26 16:25:00
5:55 PM,4.0,2.0,87,1020,10.0,SSW,9.3,-,N/A,,Unknown,210,2015-11-26 16:55:00
6:00 PM,4,2,85,1021,17,SSW,7.2,,,,,210,2015-11-26 17:00:00
6:25 PM,3.0,2.0,93,1020,10.0,SSW,9.3,-,N/A,,Unknown,210,2015-11-26 17:25:00
6:55 PM,3.0,2.0,93,1021,10.0,SSW,7.4,-,N/A,,Unknown,200,2015-11-26 17:55:00
7:00 PM,3,2,89,1022,13,SSW,7.2,,,,Partly Cloudy,200,2015-11-26 18:00:00
7:25 PM,2.0,1.0,93,1021,10.0,South,7.4,-,N/A,,Unknown,190,2015-11-26 18:25:00
7:55 PM,2.0,1.0,93,1021,10.0,SSW,11.1,-,N/A,,Unknown,200,2015-11-26 18:55:00
8:00 PM,2,1,92,1022,12,South,10.8,,,,Partly Cloudy,180,2015-11-26 19:00:00
8:25 PM,3.0,1.0,87,1021,10.0,SSW,9.3,-,N/A,,Unknown,200,2015-11-26 19:25:00
8:55 PM,2.0,1.0,93,1021,10.0,SSW,13.0,-,N/A,,Unknown,210,2015-11-26 19:55:00
9:00 PM,2,1,92,1022,12,SSW,10.8,,,,Scattered Clouds,200,2015-11-26 20:00:00
9:25 PM,2.0,1.0,93,1021,9.0,SSW,13.0,-,N/A,,Unknown,200,2015-11-26 20:25:00
9:55 PM,2.0,2.0,100,1022,6.0,South,13.0,-,N/A,,Unknown,190,2015-11-26 20:55:00
10:00 PM,2,1,93,1023,5,South,10.8,,,,Mist,190,2015-11-26 21:00:00
10:25 PM,1.0,1.0,100,1021,-9999.0,SSW,13.0,-,N/A,,Mist,200,2015-11-26 21:25:00
10:55 PM,1.0,1.0,100,1021,0.3,SSW,13.0,-,N/A,Fog,Fog,200,2015-11-26 21:55:00
11:00 PM,1,1,95,1022,0.1,SSW,14.4,,,Fog,Fog,200,2015-11-26 22:00:00
11:25 PM,1.0,1.0,100,1021,-9999.0,SSW,13.0,-,N/A,Fog,Fog,200,2015-11-26 22:25:00
11:55 PM,1.0,1.0,100,1021,0.6,SSW,13.0,-,N/A,Fog,Fog,200,2015-11-26 22:55:00
12:00 AM,1,1,97,1022,0.2,South,18.0,,,Fog,Fog,190,2015-11-26 23:00:00
12:25 AM,1.0,1.0,100,1021,0.4,South,9.3,-,N/A,Fog,Fog,190,2015-11-26 23:25:00
12:55 AM,1.0,1.0,100,1021,0.4,SSW,13.0,-,N/A,Fog,Fog,200,2015-11-26 23:55:00
1:00 AM,1,1,100,1022,0.6,SSW,14.4,,,,Light Sandstorm,200,2015-11-27 00:00:00
1:25 AM,1.0,1.0,100,1021,0.3,South,16.7,-,N/A,Fog,Fog,190,2015-11-27 00:25:00
1:55 AM,1.0,1.0,100,1021,0.3,South,16.7,-,N/A,Fog,Fog,190,2015-11-27 00:55:00
2:00 AM,1,1,96,1022,0.1,South,18.0,,,Rain,Rain Showers,190,2015-11-27 01:00:00
2:25 AM,1.0,1.0,100,1021,2.0,South,16.7,-,N/A,,Overcast,190,2015-11-27 01:25:00
2:55 AM,1.0,1.0,100,1021,2.9,SSW,14.8,-,N/A,,Mist,200,2015-11-27 01:55:00
3:00 AM,1,1,100,1022,2.6,SSW,14.4,,,,Unknown Precipitation,200,2015-11-27 02:00:00
3:25 AM,1.0,1.0,100,1020,2.7,South,13.0,-,N/A,,Mist,190,2015-11-27 02:25:00
3:55 AM,1.0,0.0,93,1020,-9999.0,South,14.8,-,N/A,,Mist,190,2015-11-27 02:55:00
4:00 AM,1,0,99,1021,3.7,SSW,14.4,,,,Mist,200,2015-11-27 03:00:00
4:25 AM,1.0,1.0,100,1020,-9999.0,SSW,16.7,-,N/A,,Mist,200,2015-11-27 03:25:00
4:55 AM,1.0,0.0,93,1020,-9999.0,SSW,16.7,-,N/A,,Mist,200,2015-11-27 03:55:00
5:00 AM,0,0,96,1020,4.5,South,10.8,,,,Mist,190,2015-11-27 04:00:00
5:25 AM,1.0,1.0,100,1019,6.0,South,14.8,-,N/A,,Unknown,190,2015-11-27 04:25:00
5:55 AM,1.0,0.0,93,1019,10.0,South,14.8,-,N/A,,Unknown,190,2015-11-27 04:55:00
6:00 AM,1,0,90,1020,12,South,10.8,,,,Partly Cloudy,190,2015-11-27 05:00:00
6:25 AM,1.0,0.0,93,1019,10.0,South,14.8,-,N/A,,Unknown,190,2015-11-27 05:25:00
6:55 AM,1.0,0.0,93,1019,10.0,South,13.0,-,N/A,,Unknown,190,2015-11-27 05:55:00
7:00 AM,1,-1,89,1019,19,South,14.4,,,,Partly Cloudy,190,2015-11-27 06:00:00
7:25 AM,0.0,-1.0,93,1018,10.0,SSW,14.8,-,N/A,,Unknown,200,2015-11-27 06:25:00
7:55 AM,1.0,-1.0,87,1018,10.0,South,14.8,-,N/A,,Unknown,190,2015-11-27 06:55:00
8:00 AM,1,-1,89,1019,18,SSW,14.4,,,,Partly Cloudy,200,2015-11-27 07:00:00
8:25 AM,0.0,-1.0,93,1018,10.0,SSW,16.7,-,N/A,,Unknown,200,2015-11-27 07:25:00
8:55 AM,1.0,0.0,93,1018,10.0,South,16.7,-,N/A,,Unknown,190,2015-11-27 07:55:00
9:00 AM,1,-0,86,1019,20,South,14.4,,,,Mostly Cloudy,190,2015-11-27 08:00:00
9:25 AM,2.0,0.0,87,1018,10.0,SSW,18.5,-,N/A,,Unknown,200,2015-11-27 08:25:00
9:55 AM,2.0,0.0,87,1018,10.0,SSW,20.4,-,N/A,,Unknown,210,2015-11-27 08:55:00
10:00 AM,2,0,83,1019,22,SSW,21.6,,,,Partly Cloudy,210,2015-11-27 09:00:00
10:25 AM,3.0,1.0,87,1018,10.0,SSW,25.9,-,N/A,,Unknown,200,2015-11-27 09:25:00
10:55 AM,4.0,1.0,81,1018,10.0,SSW,25.9,-,N/A,,Unknown,200,2015-11-27 09:55:00
11:00 AM,4,1,76,1019,20,South,18.0,,,,Scattered Clouds,190,2015-11-27 10:00:00
11:25 AM,5.0,2.0,81,1017,10.0,SSW,25.9,-,N/A,,Unknown,200,2015-11-27 10:25:00
11:55 AM,5.0,2.0,81,1017,10.0,SSW,27.8,-,N/A,,Unknown,200,2015-11-27 10:55:00
12:00 PM,6,2,71,1018,27,SSW,21.6,,,,,200,2015-11-27 11:00:00
12:25 PM,6.0,2.0,76,1017,10.0,SSW,25.9,-,N/A,,Unknown,200,2015-11-27 11:25:00
12:55 PM,6.0,2.0,76,1016,10.0,SSW,22.2,-,N/A,,Unknown,200,2015-11-27 11:55:00
1:00 PM,6,2,64,1017,18,South,18.0,,,,Partly Cloudy,190,2015-11-27 12:00:00
1:25 PM,7.0,2.0,71,1016,10.0,South,20.4,-,N/A,,Scattered Clouds,190,2015-11-27 12:25:00
1:55 PM,7.0,2.0,71,1015,10.0,South,22.2,-,N/A,,Mostly Cloudy,190,2015-11-27 12:55:00
2:00 PM,7,2,62,1016,25,South,14.4,,,,Mostly Cloudy,190,2015-11-27 13:00:00
2:25 PM,7.0,2.0,71,1014,10.0,SSW,18.5,-,N/A,,Overcast,200,2015-11-27 13:25:00
2:55 PM,7.0,2.0,71,1014,10.0,South,22.2,-,N/A,,Mostly Cloudy,190,2015-11-27 13:55:00
3:00 PM,7,2,66,1015,24,SSW,14.4,,,,Overcast,200,2015-11-27 14:00:00
3:25 PM,7.0,2.0,71,1014,10.0,SSW,18.5,-,N/A,,Overcast,200,2015-11-27 14:25:00
3:55 PM,7.0,2.0,71,1013,10.0,SSW,24.1,-,N/A,,Overcast,200,2015-11-27 14:55:00
4:00 PM,6,2,62,1014,30,SSW,21.6,,,,Partly Cloudy,210,2015-11-27 15:00:00
4:25 PM,6.0,2.0,76,1013,10.0,SSW,20.4,-,N/A,,Overcast,210,2015-11-27 15:25:00
4:55 PM,6.0,2.0,76,1013,10.0,SSW,18.5,-,N/A,,Overcast,200,2015-11-27 15:55:00
5:00 PM,6,1,63,1014,30,South,18.0,,,,Overcast,190,2015-11-27 16:00:00
5:25 PM,6.0,1.0,70,1013,10.0,SSW,20.4,-,N/A,,Overcast,200,2015-11-27 16:25:00
5:55 PM,5.0,1.0,76,1012,10.0,SSW,18.5,-,N/A,,Overcast,200,2015-11-27 16:55:00
6:00 PM,5,1,64,1013,35,SSW,14.4,,,,Overcast,200,2015-11-27 17:00:00
6:25 PM,5.0,1.0,76,1012,10.0,South,20.4,-,N/A,,Overcast,190,2015-11-27 17:25:00
6:55 PM,5.0,1.0,76,1012,10.0,South,22.2,-,N/A,,Overcast,190,2015-11-27 17:55:00
7:00 PM,5,1,70,1013,29,South,18.0,,,,Partly Cloudy,190,2015-11-27 18:00:00
7:25 PM,5.0,1.0,76,1012,10.0,SSW,18.5,-,N/A,,Overcast,200,2015-11-27 18:25:00
7:55 PM,4.0,0.0,75,1011,10.0,South,24.1,-,N/A,,Overcast,190,2015-11-27 18:55:00
8:00 PM,4,-0,67,1012,29,South,21.6,,,,Overcast,190,2015-11-27 19:00:00
8:25 PM,3.0,0.0,81,1011,10.0,SSW,27.8,-,N/A,,Partly Cloudy,200,2015-11-27 19:25:00
8:55 PM,3.0,0.0,81,1011,10.0,SSW,27.8,-,N/A,,Overcast,200,2015-11-27 19:55:00
9:00 PM,3,-0,69,1011,28,South,21.6,,,,Overcast,190,2015-11-27 20:00:00
9:25 PM,3.0,0.0,81,1010,10.0,South,25.9,-,N/A,,Overcast,190,2015-11-27 20:25:00
9:55 PM,4.0,0.0,75,1010,10.0,SSW,31.5,-,N/A,,Overcast,200,2015-11-27 20:55:00
10:00 PM,4,0,68,1010,29,SSW,25.2,,,,Partly Cloudy,200,2015-11-27 21:00:00
10:25 PM,4.0,0.0,75,1009,10.0,SSW,25.9,-,N/A,,Overcast,200,2015-11-27 21:25:00
10:55 PM,4.0,0.0,75,1009,10.0,SSW,35.2,-,N/A,,Overcast,210,2015-11-27 21:55:00
11:00 PM,4,0,69,1010,30,SSW,28.8,,,,Overcast,200,2015-11-27 22:00:00
11:25 PM,4.0,0.0,75,1009,5.0,SSW,37.0,-,N/A,,Haze,200,2015-11-27 22:25:00
11:55 PM,4.0,1.0,81,1008,10.0,SSW,35.2,-,N/A,,Overcast,200,2015-11-27 22:55:00
12:00 AM,10,9,88,1013,6,WSW,36.0,,,Rain,Light Rain Showers,240,2015-11-29 23:00:00
12:25 AM,10.0,9.0,94,1012,10.0,WSW,38.9,66.7,N/A,Rain,Light Rain,240,2015-11-29 23:25:00
12:55 AM,10.0,9.0,94,1013,6.0,WSW,35.2,57.4,N/A,Rain,Light Rain,240,2015-11-29 23:55:00
1:00 AM,10,9,89,1014,5,WSW,32.4,,,Rain,Rain,240,2015-11-30 00:00:00
1:25 AM,10.0,9.0,94,1014,-9999.0,West,27.8,53.7,N/A,Rain,Rain Showers,280,2015-11-30 00:25:00
1:55 AM,9.0,7.0,87,1014,10.0,West,20.4,-,N/A,Rain,Light Rain,260,2015-11-30 00:55:00
2:00 AM,9,7,82,1015,16,West,21.6,,,Rain,Drizzle,270,2015-11-30 01:00:00
2:25 AM,9.0,7.0,87,1015,10.0,West,18.5,-,N/A,Rain,Light Rain,270,2015-11-30 01:25:00
2:55 AM,9.0,6.0,82,1016,10.0,West,16.7,-,N/A,Rain,Light Rain,270,2015-11-30 01:55:00
3:00 AM,9,6,80,1016,15,West,18.0,,,Rain,Light Drizzle,260,2015-11-30 02:00:00
3:25 AM,9.0,6.0,82,1016,10.0,West,14.8,-,N/A,,Overcast,260,2015-11-30 02:25:00
3:55 AM,9.0,5.0,76,1016,10.0,West,18.5,-,N/A,,Overcast,260,2015-11-30 02:55:00
4:00 AM,9,5,70,1017,21,West,18.0,,,Snow,Rain,260,2015-11-30 03:00:00
4:25 AM,9.0,5.0,76,1016,10.0,West,20.4,-,N/A,,Scattered Clouds,260,2015-11-30 03:25:00
4:55 AM,9.0,4.0,71,1017,10.0,West,18.5,38.9,N/A,,Overcast,270,2015-11-30 03:55:00
5:00 AM,9,4,65,1018,22,West,18.0,,,Rain,Drizzle,270,2015-11-30 04:00:00
5:25 AM,9.0,4.0,71,1017,10.0,West,16.7,-,N/A,,Unknown,260,2015-11-30 04:25:00
5:55 AM,8.0,3.0,71,1018,10.0,West,16.7,-,N/A,,Partly Cloudy,270,2015-11-30 04:55:00
6:00 AM,8,4,63,1019,24,WSW,14.4,,,,Partly Cloudy,250,2015-11-30 05:00:00
6:25 AM,8.0,4.0,76,1018,10.0,WSW,13.0,-,N/A,,Partly Cloudy,250,2015-11-30 05:25:00
6:55 AM,8.0,4.0,76,1018,10.0,WSW,14.8,-,N/A,,Unknown,250,2015-11-30 05:55:00
7:00 AM,8,4,69,1020,22,WSW,14.4,,,,Partly Cloudy,240,2015-11-30 06:00:00
7:25 AM,8.0,5.0,81,1019,10.0,WSW,13.0,-,N/A,,Unknown,240,2015-11-30 06:25:00
7:55 AM,8.0,5.0,81,1019,10.0,WSW,13.0,-,N/A,,Unknown,240,2015-11-30 06:55:00
8:00 AM,8,5,71,1020,19,WSW,14.4,,,,Overcast,240,2015-11-30 07:00:00
8:25 AM,8.0,5.0,81,1019,10.0,WSW,13.0,-,N/A,,Overcast,240,2015-11-30 07:25:00
8:55 AM,8.0,6.0,87,1019,10.0,SW,14.8,-,N/A,Rain,Light Rain,220,2015-11-30 07:55:00
9:00 AM,8,7,89,1020,11,SW,10.8,,,Rain,Light Rain Showers,230,2015-11-30 08:00:00
9:25 AM,8.0,7.0,93,1019,10.0,SW,14.8,-,N/A,,Drizzle,220,2015-11-30 08:25:00
9:55 AM,8.0,7.0,93,1019,10.0,SW,14.8,-,N/A,Rain,Heavy Drizzle,220,2015-11-30 08:55:00
10:00 AM,8,7,92,1020,10,SW,14.4,,,Rain,Heavy Drizzle,220,2015-11-30 09:00:00
10:25 AM,9.0,7.0,87,1019,9.0,SW,20.4,-,N/A,,Drizzle,230,2015-11-30 09:25:00
10:55 AM,8.0,8.0,100,1018,6.0,WSW,13.0,-,N/A,Rain,Rain Showers,240,2015-11-30 09:55:00
11:00 AM,8,8,93,1019,4.4,West,14.4,,,Rain,Heavy Rain,270,2015-11-30 10:00:00
11:25 AM,9.0,8.0,93,1018,7.0,SW,18.5,-,N/A,Rain,Light Rain Showers,230,2015-11-30 10:25:00
11:55 AM,9.0,9.0,100,1017,6.0,SW,22.2,-,N/A,Rain,Light Rain Showers,230,2015-11-30 10:55:00
12:00 PM,10,9,96,1018,15,SW,21.6,,,Rain,Light Rain,230,2015-11-30 11:00:00
12:25 PM,10.0,9.0,94,1017,8.0,SW,31.5,-,N/A,,Drizzle,230,2015-11-30 11:25:00
12:55 PM,10.0,9.0,94,1016,10.0,SW,35.2,53.7,N/A,,Overcast,230,2015-11-30 11:55:00
1:00 PM,10,8,82,1017,19,SW,36.0,,,Rain,Rain,230,2015-11-30 12:00:00
1:25 PM,11.0,8.0,82,1016,10.0,WSW,35.2,57.4,N/A,Rain,Light Rain,240,2015-11-30 12:25:00
1:55 PM,10.0,8.0,87,1016,10.0,WSW,35.2,-,N/A,,Overcast,240,2015-11-30 12:55:00
2:00 PM,11,8,80,1016,30,SW,28.8,,,Rain,Rain,230,2015-11-30 13:00:00
2:25 PM,11.0,8.0,82,1016,10.0,WSW,38.9,59.3,N/A,,Overcast,240,2015-11-30 13:25:00
2:55 PM,11.0,8.0,82,1015,10.0,SW,37.0,-,N/A,,Overcast,230,2015-11-30 13:55:00
3:00 PM,11,8,75,1015,22,SW,32.4,,,,Partly Cloudy,230,2015-11-30 14:00:00
3:25 PM,11.0,7.0,76,1015,10.0,SW,40.7,-,N/A,,Overcast,230,2015-11-30 14:25:00
3:55 PM,11.0,7.0,76,1014,10.0,WSW,38.9,61.1,N/A,,Overcast,240,2015-11-30 14:55:00
4:00 PM,11,7,70,1015,40,SW,39.6,,,,Partly Cloudy,230,2015-11-30 15:00:00
4:25 PM,11.0,7.0,76,1014,10.0,WSW,46.3,70.4,N/A,,Mostly Cloudy,240,2015-11-30 15:25:00
4:55 PM,11.0,8.0,82,1014,10.0,SW,48.2,68.5,N/A,,Overcast,230,2015-11-30 15:55:00
5:00 PM,11,8,76,1014,25,SW,43.2,,,,Partly Cloudy,230,2015-11-30 16:00:00
5:25 PM,11.0,8.0,82,1013,10.0,SW,44.4,-,N/A,,Mostly Cloudy,230,2015-11-30 16:25:00
5:55 PM,11.0,8.0,82,1013,10.0,SW,48.2,75.9,N/A,,Drizzle,230,2015-11-30 16:55:00
6:00 PM,11,8,77,1013,28,SW,43.2,,,Rain,Light Drizzle,230,2015-11-30 17:00:00
6:25 PM,10.0,8.0,87,1013,10.0,WSW,38.9,59.3,N/A,Rain,Light Rain Showers,240,2015-11-30 17:25:00
6:55 PM,10.0,9.0,94,1013,-9999.0,WSW,37.0,57.4,N/A,Rain,Light Rain,240,2015-11-30 17:55:00
7:00 PM,10,9,89,1014,5,WSW,39.6,,,Rain,Heavy Drizzle,240,2015-11-30 18:00:00
7:25 PM,10.0,9.0,94,1013,5.0,WSW,37.0,57.4,N/A,,Drizzle,240,2015-11-30 18:25:00
7:55 PM,10.0,9.0,94,1014,6.0,WSW,37.0,55.6,N/A,Rain,Light Rain,240,2015-11-30 18:55:00
8:00 PM,10,9,88,1014,5,WSW,36.0,,,Rain,Heavy Rain,240,2015-11-30 19:00:00
8:25 PM,10.0,9.0,94,1014,6.0,WSW,37.0,-,N/A,,Heavy Drizzle,240,2015-11-30 19:25:00
8:55 PM,10.0,9.0,94,1014,10.0,WSW,38.9,-,N/A,,Light Drizzle,240,2015-11-30 19:55:00
9:00 PM,10,9,88,1014,8,WSW,36.0,,,Rain,Light Drizzle,240,2015-11-30 20:00:00
9:25 PM,10.0,9.0,94,1014,6.0,WSW,38.9,-,N/A,,Drizzle,240,2015-11-30 20:25:00
9:55 PM,10.0,9.0,94,1015,-9999.0,WSW,38.9,59.3,N/A,,Drizzle,240,2015-11-30 20:55:00
10:00 PM,10,9,91,1015,3.8,WSW,36.0,,,Rain,Drizzle,240,2015-11-30 21:00:00
10:25 PM,10.0,9.0,94,1015,2.9,WSW,37.0,55.6,N/A,,Heavy Drizzle,240,2015-11-30 21:25:00
10:55 PM,10.0,9.0,94,1015,-9999.0,WSW,35.2,-,N/A,,Heavy Drizzle,240,2015-11-30 21:55:00
11:00 PM,10,9,95,1016,3.0,WSW,32.4,,,Rain,Heavy Drizzle,240,2015-11-30 22:00:00
11:25 PM,10.0,10.0,100,1016,-9999.0,WSW,35.2,-,N/A,Rain,Light Rain,240,2015-11-30 22:25:00
11:55 PM,10.0,10.0,100,1016,-9999.0,WSW,33.3,-,N/A,,Heavy Drizzle,240,2015-11-30 22:55:00
12:00 AM,10,10,92,1016,4.0,WSW,28.8,,,Rain,Rain,240,2015-11-30 23:00:00
12:25 AM,10.0,10.0,100,1016,-9999.0,WSW,31.5,-,N/A,Rain,Light Rain,240,2015-11-30 23:25:00
12:55 AM,11.0,10.0,94,1016,3.5,WSW,31.5,-,N/A,,Heavy Drizzle,240,2015-11-30 23:55:00
1:00 AM,10,10,93,1017,3.2,WSW,28.8,,,Rain,Heavy Drizzle,240,2015-12-01 00:00:00
1:25 AM,11.0,10.0,94,1017,-9999.0,WSW,31.5,50.0,N/A,,Heavy Drizzle,240,2015-12-01 00:25:00
1:55 AM,11.0,10.0,94,1017,-9999.0,WSW,27.8,48.2,N/A,,Heavy Drizzle,240,2015-12-01 00:55:00
2:00 AM,11,10,96,1018,2.9,WSW,28.8,,,Rain,Heavy Drizzle,240,2015-12-01 01:00:00
2:25 AM,11.0,10.0,94,1018,2.8,WSW,27.8,-,N/A,,Heavy Drizzle,240,2015-12-01 01:25:00
2:55 AM,11.0,10.0,94,1018,2.8,WSW,24.1,-,N/A,,Heavy Drizzle,240,2015-12-01 01:55:00
3:00 AM,11,10,98,1019,2.7,WSW,25.2,,,Rain,Heavy Drizzle,240,2015-12-01 02:00:00
3:25 AM,11.0,10.0,94,1018,-9999.0,WSW,22.2,-,N/A,,Drizzle,250,2015-12-01 02:25:00
3:55 AM,10.0,10.0,100,1019,3.5,NW,11.1,-,N/A,Rain,Light Rain,310,2015-12-01 02:55:00
4:00 AM,10,10,100,1020,3.5,NW,14.4,,,Rain,Rain,320,2015-12-01 03:00:00
4:25 AM,10.0,10.0,100,1019,-9999.0,NW,13.0,-,N/A,Rain,Rain,310,2015-12-01 03:25:00
4:55 AM,10.0,10.0,100,1020,-9999.0,WNW,9.3,-,N/A,Rain,Light Rain,290,2015-12-01 03:55:00
5:00 AM,10,9,98,1020,3.2,West,10.8,,,Rain,Heavy Drizzle,270,2015-12-01 04:00:00
5:25 AM,9.0,9.0,100,1020,-9999.0,West,7.4,-,N/A,,Heavy Drizzle,260,2015-12-01 04:25:00
5:55 AM,9.0,9.0,100,1020,-9999.0,West,9.3,-,N/A,,Heavy Drizzle,270,2015-12-01 04:55:00
6:00 AM,9,9,96,1021,2.9,West,10.8,,,Rain,Rain,270,2015-12-01 05:00:00
6:25 AM,9.0,9.0,100,1021,-9999.0,West,9.3,-,N/A,Rain,Rain,270,2015-12-01 05:25:00
6:55 AM,9.0,9.0,100,1021,-9999.0,WNW,9.3,-,N/A,Rain,Light Rain,290,2015-12-01 05:55:00
7:00 AM,9,9,97,1022,2.9,WNW,7.2,,,Rain,Rain,290,2015-12-01 06:00:00
7:25 AM,9.0,9.0,100,1022,-9999.0,WNW,7.4,-,N/A,,Heavy Drizzle,300,2015-12-01 06:25:00
7:55 AM,9.0,8.0,93,1022,2.6,NW,7.4,-,N/A,,Heavy Drizzle,320,2015-12-01 06:55:00
8:00 AM,9,8,100,1023,2.5,NW,7.2,,,Rain,Heavy Drizzle,310,2015-12-01 07:00:00
8:25 AM,9.0,8.0,93,1022,2.3,WNW,5.6,-,N/A,,Heavy Drizzle,290,2015-12-01 07:25:00
8:55 AM,9.0,9.0,100,1022,2.5,Variable,3.7,-,N/A,Rain,Rain,0,2015-12-01 07:55:00
9:00 AM,9,8,96,1023,2.3,West,3.6,,,Rain,Light Rain,270,2015-12-01 08:00:00
9:25 AM,9.0,9.0,100,1022,2.2,WSW,5.6,-,N/A,,Drizzle,250,2015-12-01 08:25:00
9:55 AM,9.0,9.0,100,1023,2.3,WSW,5.6,-,N/A,,Heavy Drizzle,240,2015-12-01 08:55:00
10:00 AM,9,9,99,1024,2.3,SW,7.2,,,Rain,Drizzle,230,2015-12-01 09:00:00
10:25 AM,9.0,9.0,100,1023,1.9,WSW,7.4,-,N/A,Rain,Heavy Drizzle,240,2015-12-01 09:25:00
10:55 AM,9.0,9.0,100,1023,2.2,WSW,7.4,-,N/A,,Heavy Drizzle,240,2015-12-01 09:55:00
11:00 AM,9,9,97,1024,2.2,SW,7.2,,,Rain,Drizzle,230,2015-12-01 10:00:00
11:25 AM,10.0,9.0,94,1023,1.7,SW,9.3,-,N/A,,Light Drizzle,220,2015-12-01 10:25:00
11:55 AM,10.0,9.0,94,1023,1.8,SW,9.3,-,N/A,,Drizzle,230,2015-12-01 10:55:00
12:00 PM,10,9,100,1024,2.0,WSW,7.2,,,Rain,Heavy Drizzle,240,2015-12-01 11:00:00
12:25 PM,10.0,10.0,100,1023,1.8,WSW,13.0,-,N/A,,Drizzle,240,2015-12-01 11:25:00
12:55 PM,11.0,11.0,100,1023,7.0,WSW,16.7,-,N/A,,Overcast,240,2015-12-01 11:55:00
1:00 PM,11,11,94,1024,8,WSW,18.0,,,Rain,Drizzle,240,2015-12-01 12:00:00
1:25 PM,12.0,11.0,94,1024,6.0,WSW,16.7,-,N/A,,Overcast,250,2015-12-01 12:25:00
1:55 PM,12.0,11.0,94,1024,5.0,WSW,16.7,-,N/A,,Overcast,250,2015-12-01 12:55:00
2:00 PM,12,11,93,1024,7,WSW,18.0,,,,Mist,250,2015-12-01 13:00:00
2:25 PM,12.0,11.0,94,1024,6.0,WSW,16.7,-,N/A,,Light Drizzle,250,2015-12-01 13:25:00
2:55 PM,12.0,11.0,94,1024,7.0,WSW,16.7,-,N/A,,Overcast,240,2015-12-01 13:55:00
3:00 PM,12,11,98,1025,8,WSW,18.0,,,Rain,Rain,240,2015-12-01 14:00:00
3:25 PM,12.0,11.0,94,1024,6.0,WSW,18.5,-,N/A,,Overcast,240,2015-12-01 14:25:00
3:55 PM,12.0,11.0,94,1024,10.0,WSW,16.7,-,N/A,,Overcast,240,2015-12-01 14:55:00
4:00 PM,12,11,89,1025,17,WSW,18.0,,,,Partly Cloudy,250,2015-12-01 15:00:00
4:25 PM,12.0,11.0,94,1025,9.0,WSW,16.7,-,N/A,,Overcast,240,2015-12-01 15:25:00
4:55 PM,12.0,11.0,94,1025,7.0,WSW,16.7,-,N/A,,Overcast,240,2015-12-01 15:55:00
5:00 PM,12,11,94,1025,13,WSW,18.0,,,Rain,Rain,240,2015-12-01 16:00:00
5:25 PM,12.0,11.0,94,1025,10.0,WSW,18.5,-,N/A,,Mostly Cloudy,240,2015-12-01 16:25:00
5:55 PM,12.0,11.0,94,1025,7.0,WSW,20.4,-,N/A,,Overcast,240,2015-12-01 16:55:00
6:00 PM,12,11,93,1026,5,WSW,18.0,,,Rain,Drizzle,240,2015-12-01 17:00:00
6:25 PM,12.0,11.0,94,1025,10.0,SW,20.4,-,N/A,,Mostly Cloudy,230,2015-12-01 17:25:00
6:55 PM,12.0,11.0,94,1026,10.0,SW,22.2,-,N/A,,Mostly Cloudy,230,2015-12-01 17:55:00
7:00 PM,12,10,88,1026,16,SW,18.0,,,Rain,Drizzle,230,2015-12-01 18:00:00
7:25 PM,12.0,10.0,88,1026,10.0,WSW,18.5,-,N/A,,Overcast,240,2015-12-01 18:25:00
7:55 PM,12.0,10.0,88,1026,10.0,SW,20.4,-,N/A,,Overcast,230,2015-12-01 18:55:00
8:00 PM,12,10,87,1027,17,SW,14.4,,,,Overcast,230,2015-12-01 19:00:00
8:25 PM,11.0,10.0,94,1026,10.0,SW,20.4,-,N/A,,Mostly Cloudy,230,2015-12-01 19:25:00
8:55 PM,11.0,10.0,94,1026,10.0,SW,20.4,-,N/A,,Overcast,230,2015-12-01 19:55:00
9:00 PM,11,10,84,1027,18,WSW,18.0,,,,Overcast,240,2015-12-01 20:00:00
9:25 PM,11.0,10.0,94,1026,10.0,WSW,22.2,-,N/A,,Overcast,240,2015-12-01 20:25:00
9:55 PM,12.0,9.0,82,1026,10.0,WSW,20.4,-,N/A,,Overcast,240,2015-12-01 20:55:00
10:25 PM,11.0,9.0,88,1027,10.0,SW,24.1,-,N/A,,Overcast,230,2015-12-01 21:25:00
10:55 PM,11.0,9.0,88,1027,10.0,SW,20.4,-,N/A,,Overcast,230,2015-12-01 21:55:00
11:25 PM,11.0,8.0,82,1026,10.0,WSW,18.5,-,N/A,,Overcast,240,2015-12-01 22:25:00
11:55 PM,11.0,9.0,88,1027,10.0,SW,18.5,-,N/A,,Overcast,230,2015-12-01 22:55:00
12:00 AM,11,8,79,1027,19,WSW,18.0,,,,Overcast,240,2015-12-01 23:00:00
12:25 AM,11.0,8.0,82,1027,10.0,WSW,18.5,-,N/A,,Overcast,240,2015-12-01 23:25:00
12:55 AM,11.0,8.0,82,1027,10.0,SW,20.4,-,N/A,,Overcast,230,2015-12-01 23:55:00
1:00 AM,11,8,80,1028,18,SW,14.4,,,,Partly Cloudy,220,2015-12-02 00:00:00
1:25 AM,11.0,8.0,82,1027,10.0,SW,22.2,-,N/A,,Overcast,230,2015-12-02 00:25:00
1:55 AM,11.0,8.0,82,1027,10.0,SW,20.4,-,N/A,,Overcast,230,2015-12-02 00:55:00
2:00 AM,10,8,77,1027,22,SW,14.4,,,,Overcast,230,2015-12-02 01:00:00
2:25 AM,11.0,8.0,82,1027,10.0,SW,18.5,-,N/A,,Overcast,230,2015-12-02 01:25:00
2:55 AM,11.0,7.0,76,1027,10.0,SW,16.7,-,N/A,,Overcast,230,2015-12-02 01:55:00
3:00 AM,10,7,73,1028,21,SW,14.4,,,,Overcast,230,2015-12-02 02:00:00
3:25 AM,11.0,7.0,76,1027,10.0,WSW,13.0,-,N/A,,Overcast,240,2015-12-02 02:25:00
3:55 AM,10.0,7.0,82,1027,10.0,WSW,13.0,-,N/A,,Overcast,240,2015-12-02 02:55:00
4:00 AM,10,7,77,1027,25,WSW,10.8,,,,Partly Cloudy,240,2015-12-02 03:00:00
4:25 AM,10.0,7.0,82,1027,10.0,SW,18.5,-,N/A,,Overcast,230,2015-12-02 03:25:00
4:55 AM,10.0,6.0,76,1027,10.0,SW,22.2,-,N/A,,Overcast,230,2015-12-02 03:55:00
5:00 AM,10,6,66,1027,30,SW,14.4,,,,Overcast,230,2015-12-02 04:00:00
5:25 AM,10.0,6.0,76,1027,10.0,SW,18.5,-,N/A,,Overcast,230,2015-12-02 04:25:00
5:55 AM,10.0,6.0,76,1027,10.0,SW,18.5,-,N/A,,Overcast,230,2015-12-02 04:55:00
6:00 AM,10,6,67,1027,30,SW,14.4,,,,Overcast,230,2015-12-02 05:00:00
6:25 AM,10.0,6.0,76,1027,10.0,SW,16.7,-,N/A,,Overcast,230,2015-12-02 05:25:00
6:55 AM,10.0,6.0,76,1027,10.0,SW,18.5,-,N/A,,Overcast,230,2015-12-02 05:55:00
7:00 AM,10,6,66,1027,27,SW,14.4,,,,Partly Cloudy,230,2015-12-02 06:00:00
7:25 AM,10.0,6.0,76,1027,10.0,SW,18.5,-,N/A,,Overcast,230,2015-12-02 06:25:00
7:55 AM,10.0,6.0,76,1027,10.0,SW,16.7,-,N/A,,Overcast,230,2015-12-02 06:55:00
8:00 AM,10,6,69,1028,28,SW,14.4,,,,Overcast,230,2015-12-02 07:00:00
8:25 AM,10.0,5.0,71,1027,10.0,SW,20.4,-,N/A,,Overcast,230,2015-12-02 07:25:00
8:55 AM,10.0,5.0,71,1027,10.0,SW,20.4,-,N/A,,Overcast,220,2015-12-02 07:55:00
9:00 AM,10,5,62,1028,30,SW,18.0,,,,Overcast,220,2015-12-02 08:00:00
9:25 AM,10.0,5.0,71,1027,10.0,SW,20.4,-,N/A,,Overcast,220,2015-12-02 08:25:00
9:55 AM,10.0,5.0,71,1027,10.0,SW,22.2,-,N/A,,Overcast,220,2015-12-02 08:55:00
10:00 AM,10,5,62,1028,30,SW,21.6,,,,Partly Cloudy,220,2015-12-02 09:00:00
10:25 AM,10.0,5.0,71,1027,10.0,SW,22.2,-,N/A,,Overcast,220,2015-12-02 09:25:00
10:55 AM,10.0,5.0,71,1027,10.0,SW,20.4,-,N/A,,Overcast,220,2015-12-02 09:55:00
11:00 AM,10,5,62,1028,26,SW,14.4,,,,Overcast,220,2015-12-02 10:00:00
11:25 AM,10.0,5.0,71,1027,10.0,SW,18.5,-,N/A,,Overcast,220,2015-12-02 10:25:00
11:55 AM,10.0,5.0,71,1027,10.0,SSW,20.4,-,N/A,,Overcast,210,2015-12-02 10:55:00
12:00 PM,10,5,63,1028,30,SSW,18.0,,,,Overcast,210,2015-12-02 11:00:00
12:25 PM,10.0,5.0,71,1027,10.0,SSW,22.2,-,N/A,,Overcast,210,2015-12-02 11:25:00
12:55 PM,11.0,5.0,67,1027,10.0,SSW,22.2,-,N/A,,Overcast,210,2015-12-02 11:55:00
1:00 PM,11,5,60,1028,30,SSW,18.0,,,,Partly Cloudy,210,2015-12-02 12:00:00
1:25 PM,11.0,5.0,67,1027,10.0,SSW,18.5,-,N/A,,Scattered Clouds,210,2015-12-02 12:25:00
1:55 PM,11.0,5.0,67,1027,10.0,SW,22.2,-,N/A,,Unknown,220,2015-12-02 12:55:00
2:00 PM,11,5,56,1028,35,SSW,21.6,,,,Scattered Clouds,210,2015-12-02 13:00:00
2:25 PM,11.0,5.0,67,1027,10.0,SW,24.1,-,N/A,,Unknown,220,2015-12-02 13:25:00
2:55 PM,11.0,5.0,67,1027,10.0,SW,24.1,-,N/A,,Unknown,220,2015-12-02 13:55:00
3:00 PM,11,5,57,1027,30,SW,21.6,,,,Partly Cloudy,230,2015-12-02 14:00:00
3:25 PM,11.0,5.0,67,1027,10.0,SW,20.4,-,N/A,,Unknown,220,2015-12-02 14:25:00
3:55 PM,10.0,5.0,71,1027,10.0,SW,25.9,-,N/A,,Unknown,220,2015-12-02 14:55:00
4:00 PM,10,5,60,1028,35,SW,18.0,,,,Scattered Clouds,220,2015-12-02 15:00:00
4:25 PM,9.0,5.0,76,1027,10.0,SW,20.4,-,N/A,,Unknown,220,2015-12-02 15:25:00
4:55 PM,9.0,4.0,71,1027,10.0,SSW,20.4,-,N/A,,Unknown,210,2015-12-02 15:55:00
5:00 PM,8,4,67,1028,35,SSW,14.4,,,,Scattered Clouds,210,2015-12-02 16:00:00
5:25 PM,9.0,4.0,71,1027,10.0,SSW,16.7,-,N/A,,Unknown,210,2015-12-02 16:25:00
5:55 PM,7.0,4.0,81,1027,10.0,South,14.8,-,N/A,,Unknown,190,2015-12-02 16:55:00
6:00 PM,8,4,69,1028,26,South,14.4,,,,Partly Cloudy,180,2015-12-02 17:00:00
6:25 PM,8.0,5.0,81,1027,10.0,South,18.5,-,N/A,,Overcast,190,2015-12-02 17:25:00
6:55 PM,9.0,5.0,76,1028,10.0,South,18.5,-,N/A,,Overcast,190,2015-12-02 17:55:00
7:00 PM,9,5,68,1028,30,South,14.4,,,,Partly Cloudy,190,2015-12-02 18:00:00
7:25 PM,9.0,5.0,76,1028,10.0,South,20.4,-,N/A,,Overcast,190,2015-12-02 18:25:00
7:55 PM,9.0,5.0,76,1028,10.0,SSW,18.5,-,N/A,,Overcast,200,2015-12-02 18:55:00
8:00 PM,9,5,68,1028,30,South,14.4,,,,Overcast,190,2015-12-02 19:00:00
8:25 PM,9.0,5.0,76,1028,10.0,SSW,22.2,-,N/A,,Overcast,200,2015-12-02 19:25:00
8:55 PM,9.0,5.0,76,1027,10.0,SSW,20.4,-,N/A,,Overcast,200,2015-12-02 19:55:00
9:00 PM,9,5,69,1028,30,South,14.4,,,,Overcast,190,2015-12-02 20:00:00
9:25 PM,9.0,5.0,76,1027,10.0,SSW,18.5,-,N/A,,Overcast,200,2015-12-02 20:25:00
9:55 PM,9.0,5.0,76,1027,10.0,SSW,20.4,-,N/A,,Overcast,200,2015-12-02 20:55:00
10:00 PM,9,5,68,1028,30,SSW,18.0,,,,Partly Cloudy,200,2015-12-02 21:00:00
10:25 PM,9.0,5.0,76,1027,10.0,SSW,16.7,-,N/A,,Overcast,200,2015-12-02 21:25:00
10:55 PM,9.0,5.0,76,1028,10.0,SSW,13.0,-,N/A,,Overcast,200,2015-12-02 21:55:00
11:00 PM,9,5,68,1028,30,SSW,10.8,,,,Overcast,200,2015-12-02 22:00:00
11:25 PM,9.0,5.0,76,1028,10.0,South,13.0,-,N/A,,Overcast,180,2015-12-02 22:25:00
11:55 PM,9.0,5.0,76,1028,10.0,South,14.8,-,N/A,,Overcast,190,2015-12-02 22:55:00
12:00 AM,9,4,66,1028,35,South,14.4,,,,Overcast,190,2015-12-02 23:00:00
12:25 AM,9.0,5.0,76,1028,10.0,South,16.7,-,N/A,,Overcast,190,2015-12-02 23:25:00
12:55 AM,9.0,5.0,76,1028,10.0,SSW,16.7,-,N/A,,Overcast,200,2015-12-02 23:55:00
1:00 AM,9,5,66,1028,35,SSW,14.4,,,,Partly Cloudy,200,2015-12-03 00:00:00
1:25 AM,9.0,5.0,76,1028,10.0,SSW,18.5,-,N/A,,Overcast,210,2015-12-03 00:25:00
1:55 AM,9.0,5.0,76,1028,10.0,SSW,14.8,-,N/A,,Overcast,200,2015-12-03 00:55:00
2:00 AM,9,4,65,1028,30,South,14.4,,,,Overcast,190,2015-12-03 01:00:00
2:25 AM,9.0,5.0,76,1028,10.0,SSW,18.5,-,N/A,,Overcast,200,2015-12-03 01:25:00
2:55 AM,9.0,5.0,76,1028,10.0,SSW,18.5,-,N/A,,Overcast,200,2015-12-03 01:55:00
3:00 AM,9,4,69,1028,30,South,10.8,,,,Overcast,190,2015-12-03 02:00:00
3:25 AM,9.0,5.0,76,1028,10.0,SSW,18.5,-,N/A,,Overcast,200,2015-12-03 02:25:00
3:55 AM,9.0,4.0,71,1028,10.0,SSW,16.7,-,N/A,,Overcast,200,2015-12-03 02:55:00
4:00 AM,9,4,64,1028,30,SSW,18.0,,,,Partly Cloudy,200,2015-12-03 03:00:00
4:25 AM,9.0,4.0,71,1028,10.0,SSW,16.7,-,N/A,,Overcast,200,2015-12-03 03:25:00
4:55 AM,8.0,4.0,76,1028,10.0,SSW,20.4,-,N/A,,Overcast,200,2015-12-03 03:55:00
5:00 AM,8,4,67,1028,35,South,18.0,,,,Overcast,190,2015-12-03 04:00:00
5:25 AM,8.0,4.0,76,1028,10.0,SSW,18.5,-,N/A,,Mostly Cloudy,200,2015-12-03 04:25:00
5:55 AM,8.0,4.0,76,1028,10.0,SSW,20.4,-,N/A,,Overcast,210,2015-12-03 04:55:00
6:00 AM,8,4,69,1028,35,SSW,14.4,,,,Overcast,200,2015-12-03 05:00:00
6:25 AM,8.0,4.0,76,1028,10.0,SSW,20.4,-,N/A,,Unknown,210,2015-12-03 05:25:00
6:55 AM,8.0,4.0,76,1028,10.0,SSW,22.2,-,N/A,,Unknown,200,2015-12-03 05:55:00
7:00 AM,8,4,69,1028,35,SSW,18.0,,,,Partly Cloudy,200,2015-12-03 06:00:00
7:25 AM,7.0,4.0,81,1028,10.0,SSW,25.9,-,N/A,,Unknown,200,2015-12-03 06:25:00
7:55 AM,7.0,3.0,76,1028,10.0,SSW,24.1,-,N/A,,Unknown,200,2015-12-03 06:55:00
8:00 AM,7,3,69,1028,30,South,18.0,,,,Scattered Clouds,190,2015-12-03 07:00:00
8:25 AM,7.0,3.0,76,1028,10.0,SSW,20.4,-,N/A,,Unknown,200,2015-12-03 07:25:00
8:55 AM,7.0,3.0,76,1028,10.0,SSW,20.4,-,N/A,,Unknown,200,2015-12-03 07:55:00
9:00 AM,7,3,68,1029,30,South,14.4,,,,Scattered Clouds,190,2015-12-03 08:00:00
9:25 AM,8.0,3.0,71,1028,10.0,South,18.5,-,N/A,,Unknown,190,2015-12-03 08:25:00
9:55 AM,8.0,4.0,76,1028,10.0,South,22.2,-,N/A,,Unknown,190,2015-12-03 08:55:00
10:00 AM,8,4,63,1029,30,South,21.6,,,,Partly Cloudy,190,2015-12-03 09:00:00
10:25 AM,9.0,4.0,71,1028,10.0,South,20.4,-,N/A,,Unknown,190,2015-12-03 09:25:00
10:55 AM,9.0,4.0,71,1028,10.0,SSW,22.2,-,N/A,,Unknown,200,2015-12-03 09:55:00
11:00 AM,9,4,62,1029,28,SSW,18.0,,,,Scattered Clouds,200,2015-12-03 10:00:00
11:25 AM,10.0,5.0,71,1028,10.0,SSW,20.4,-,N/A,,Unknown,210,2015-12-03 10:25:00
11:55 AM,10.0,4.0,66,1028,10.0,SSW,24.1,-,N/A,,Unknown,210,2015-12-03 10:55:00
12:00 PM,10,5,60,1028,28,SSW,21.6,,,,Scattered Clouds,200,2015-12-03 11:00:00
12:25 PM,10.0,4.0,66,1028,10.0,SSW,25.9,-,N/A,,Unknown,210,2015-12-03 11:25:00
12:55 PM,11.0,5.0,67,1027,10.0,SSW,25.9,-,N/A,,Unknown,200,2015-12-03 11:55:00
1:00 PM,11,4,56,1028,30,SSW,25.2,,,,Partly Cloudy,200,2015-12-03 12:00:00
1:25 PM,11.0,5.0,67,1027,10.0,SSW,22.2,-,N/A,,Unknown,210,2015-12-03 12:25:00
1:55 PM,11.0,5.0,67,1027,10.0,SSW,24.1,-,N/A,,Unknown,210,2015-12-03 12:55:00
2:00 PM,11,5,55,1027,30,SSW,18.0,,,,,210,2015-12-03 13:00:00
2:25 PM,11.0,6.0,71,1026,10.0,South,16.7,-,N/A,,Unknown,190,2015-12-03 13:25:00
2:55 PM,11.0,5.0,67,1026,10.0,SSW,18.5,-,N/A,,Unknown,200,2015-12-03 13:55:00
3:00 PM,11,5,60,1026,30,SSW,14.4,,,,Mostly Cloudy,200,2015-12-03 14:00:00
3:25 PM,11.0,5.0,67,1026,10.0,South,13.0,-,N/A,,Unknown,190,2015-12-03 14:25:00
3:55 PM,10.0,5.0,71,1025,10.0,South,9.3,-,N/A,,Unknown,190,2015-12-03 14:55:00
4:00 PM,10,5,66,1026,35,South,10.8,,,,Partly Cloudy,180,2015-12-03 15:00:00
4:25 PM,9.0,5.0,76,1025,10.0,South,11.1,-,N/A,,Unknown,180,2015-12-03 15:25:00
4:55 PM,9.0,5.0,76,1024,10.0,SSE,14.8,-,N/A,,Unknown,160,2015-12-03 15:55:00
5:00 PM,9,4,66,1025,40,SSE,10.8,,,,Scattered Clouds,160,2015-12-03 16:00:00
5:25 PM,9.0,4.0,71,1025,10.0,South,13.0,-,N/A,,Unknown,180,2015-12-03 16:25:00
5:55 PM,8.0,4.0,76,1025,10.0,South,13.0,-,N/A,,Unknown,190,2015-12-03 16:55:00
6:00 PM,8,4,65,1025,35,South,10.8,,,,,170,2015-12-03 17:00:00
6:25 PM,8.0,4.0,76,1024,10.0,South,13.0,-,N/A,,Unknown,180,2015-12-03 17:25:00
6:55 PM,8.0,4.0,76,1024,10.0,South,13.0,-,N/A,,Unknown,180,2015-12-03 17:55:00
7:00 PM,8,4,68,1025,30,South,10.8,,,,Partly Cloudy,180,2015-12-03 18:00:00
7:25 PM,8.0,4.0,76,1024,10.0,South,9.3,-,N/A,,Unknown,170,2015-12-03 18:25:00
7:55 PM,8.0,4.0,76,1024,10.0,South,13.0,-,N/A,,Unknown,190,2015-12-03 18:55:00
8:00 PM,7,4,70,1024,27,South,10.8,,,,Scattered Clouds,180,2015-12-03 19:00:00
8:25 PM,7.0,4.0,81,1023,10.0,South,13.0,-,N/A,,Unknown,190,2015-12-03 19:25:00
8:55 PM,7.0,4.0,81,1023,10.0,South,18.5,-,N/A,,Unknown,190,2015-12-03 19:55:00
9:00 PM,7,4,71,1024,24,South,14.4,,,,Scattered Clouds,190,2015-12-03 20:00:00
9:25 PM,7.0,4.0,81,1022,10.0,South,18.5,-,N/A,,Unknown,190,2015-12-03 20:25:00
9:55 PM,7.0,4.0,81,1022,10.0,South,20.4,-,N/A,,Unknown,190,2015-12-03 20:55:00
10:00 PM,7,4,73,1023,22,SSW,21.6,,,,Partly Cloudy,200,2015-12-03 21:00:00
10:25 PM,7.0,4.0,81,1022,10.0,SSW,22.2,-,N/A,,Unknown,200,2015-12-03 21:25:00
10:55 PM,8.0,4.0,76,1021,10.0,SSW,29.6,-,N/A,,Unknown,200,2015-12-03 21:55:00
11:00 PM,7,4,72,1022,20,SSW,21.6,,,,Scattered Clouds,200,2015-12-03 22:00:00
11:25 PM,8.0,4.0,76,1021,10.0,SSW,27.8,-,N/A,,Unknown,200,2015-12-03 22:25:00
11:55 PM,8.0,4.0,76,1021,10.0,SSW,25.9,-,N/A,,Unknown,200,2015-12-03 22:55:00
12:00 AM,8,4,67,1021,22,South,21.6,,,,Overcast,190,2015-12-03 23:00:00
12:25 AM,8.0,4.0,76,1021,10.0,SSW,29.6,-,N/A,,Unknown,200,2015-12-03 23:25:00
12:55 AM,8.0,4.0,76,1021,10.0,SSW,33.3,-,N/A,,Unknown,200,2015-12-03 23:55:00
1:00 AM,8,4,67,1021,21,South,28.8,,,,Partly Cloudy,190,2015-12-04 00:00:00
1:25 AM,8.0,4.0,76,1020,10.0,South,31.5,-,N/A,,Unknown,190,2015-12-04 00:25:00
1:55 AM,8.0,4.0,76,1020,10.0,SSW,27.8,-,N/A,,Unknown,200,2015-12-04 00:55:00
2:00 AM,8,4,64,1020,25,South,28.8,,,,Overcast,190,2015-12-04 01:00:00
2:25 AM,8.0,4.0,76,1019,10.0,SSW,33.3,-,N/A,,Unknown,200,2015-12-04 01:25:00
2:55 AM,9.0,4.0,71,1019,10.0,SSW,35.2,-,N/A,,Unknown,200,2015-12-04 01:55:00
3:00 AM,9,4,63,1020,29,South,28.8,,,,Overcast,190,2015-12-04 02:00:00
3:25 AM,9.0,4.0,71,1019,10.0,SSW,38.9,-,N/A,,Unknown,200,2015-12-04 02:25:00
3:55 AM,9.0,4.0,71,1019,10.0,SSW,33.3,-,N/A,,Scattered Clouds,200,2015-12-04 02:55:00
4:00 AM,10,4,58,1020,30,SSW,32.4,,,,Partly Cloudy,210,2015-12-04 03:00:00
4:25 AM,9.0,5.0,76,1019,10.0,SSW,35.2,-,N/A,Rain,Heavy Rain Showers,210,2015-12-04 03:25:00
4:55 AM,8.0,6.0,87,1020,8.0,SW,37.0,-,N/A,Rain,Light Rain,220,2015-12-04 03:55:00
5:00 AM,8,6,83,1020,9,SSW,25.2,,,Rain,Light Rain Showers,210,2015-12-04 04:00:00
5:25 AM,8.0,6.0,87,1020,9.0,SW,31.5,-,N/A,Rain,Light Rain,220,2015-12-04 04:25:00
5:55 AM,8.0,7.0,93,1020,10.0,SSW,33.3,-,N/A,Rain,Light Rain,210,2015-12-04 04:55:00
6:00 AM,9,7,88,1021,10,SSW,28.8,,,Rain,Light Rain,210,2015-12-04 05:00:00
6:25 AM,9.0,7.0,87,1020,10.0,SW,31.5,-,N/A,,Drizzle,220,2015-12-04 05:25:00
6:55 AM,8.0,7.0,93,1021,10.0,SSW,33.3,-,N/A,Rain,Light Rain,210,2015-12-04 05:55:00
7:00 AM,8,7,90,1022,8,SW,25.2,,,Rain,Rain,220,2015-12-04 06:00:00
7:25 AM,9.0,7.0,87,1021,8.0,SSW,31.5,-,N/A,Rain,Light Rain Showers,210,2015-12-04 06:25:00
7:55 AM,9.0,8.0,93,1022,9.0,SW,25.9,-,N/A,Rain,Light Rain,220,2015-12-04 06:55:00
8:00 AM,9,8,94,1023,9,SW,14.4,,,Rain,Light Rain,230,2015-12-04 07:00:00
8:25 AM,9.0,8.0,93,1023,9.0,SW,24.1,-,N/A,Rain,Light Rain,230,2015-12-04 07:25:00
8:55 AM,9.0,8.0,93,1024,6.0,SW,22.2,-,N/A,Rain,Light Rain,230,2015-12-04 07:55:00
9:00 AM,9,8,94,1025,7,WSW,14.4,,,Rain,Drizzle,240,2015-12-04 08:00:00
9:25 AM,9.0,9.0,100,1025,5.0,WSW,14.8,-,N/A,,Drizzle,250,2015-12-04 08:25:00
9:55 AM,9.0,9.0,100,1026,8.0,WNW,11.1,-,N/A,,Mostly Cloudy,300,2015-12-04 08:55:00
10:00 AM,9,8,89,1027,11,WNW,10.8,,,Snow,Rain,300,2015-12-04 09:00:00
10:25 AM,9.0,7.0,87,1026,10.0,WNW,14.8,-,N/A,,Overcast,300,2015-12-04 09:25:00
10:55 AM,9.0,7.0,87,1027,10.0,West,11.1,-,N/A,,Mostly Cloudy,280,2015-12-04 09:55:00
11:00 AM,9,7,81,1028,19,West,10.8,,,,Partly Cloudy,270,2015-12-04 10:00:00
11:25 AM,9.0,6.0,82,1028,10.0,WNW,11.1,-,N/A,,Overcast,290,2015-12-04 10:25:00
11:55 AM,9.0,6.0,82,1028,10.0,West,11.1,-,N/A,,Mostly Cloudy,270,2015-12-04 10:55:00
12:00 PM,9,6,72,1029,28,West,10.8,,,,Partly Cloudy,260,2015-12-04 11:00:00
12:25 PM,9.0,6.0,82,1028,10.0,WSW,13.0,-,N/A,,Scattered Clouds,250,2015-12-04 11:25:00
12:55 PM,9.0,5.0,76,1029,10.0,West,14.8,-,N/A,,Mostly Cloudy,280,2015-12-04 11:55:00
1:00 PM,9,5,68,1030,26,WSW,18.0,,,,Partly Cloudy,250,2015-12-04 12:00:00
1:25 PM,10.0,5.0,71,1029,10.0,WSW,16.7,-,N/A,,Scattered Clouds,250,2015-12-04 12:25:00
1:55 PM,9.0,5.0,76,1030,10.0,WSW,18.5,-,N/A,,Scattered Clouds,240,2015-12-04 12:55:00
2:00 PM,9,5,64,1030,27,WSW,14.4,,,,Scattered Clouds,240,2015-12-04 13:00:00
2:25 PM,10.0,5.0,71,1030,10.0,WSW,18.5,-,N/A,,Partly Cloudy,240,2015-12-04 13:25:00
2:55 PM,9.0,5.0,76,1030,10.0,WSW,14.8,-,N/A,,Mostly Cloudy,240,2015-12-04 13:55:00
3:00 PM,9,4,62,1031,30,SW,18.0,,,,Scattered Clouds,230,2015-12-04 14:00:00
3:25 PM,9.0,5.0,76,1030,10.0,SW,20.4,-,N/A,,Unknown,230,2015-12-04 14:25:00
3:55 PM,9.0,4.0,71,1030,10.0,SW,22.2,-,N/A,,Unknown,230,2015-12-04 14:55:00
4:00 PM,8,4,68,1031,35,SW,21.6,,,,Partly Cloudy,230,2015-12-04 15:00:00
4:25 PM,8.0,4.0,76,1031,10.0,SW,20.4,-,N/A,,Unknown,220,2015-12-04 15:25:00
4:55 PM,8.0,4.0,76,1031,10.0,SW,22.2,-,N/A,,Unknown,230,2015-12-04 15:55:00
5:00 PM,7,4,72,1032,40,SW,18.0,,,,Scattered Clouds,220,2015-12-04 16:00:00
5:25 PM,7.0,4.0,81,1031,10.0,SW,20.4,-,N/A,,Unknown,220,2015-12-04 16:25:00
5:55 PM,7.0,4.0,81,1031,10.0,SW,22.2,-,N/A,,Unknown,220,2015-12-04 16:55:00
6:00 PM,7,4,70,1032,35,SSW,18.0,,,,Scattered Clouds,210,2015-12-04 17:00:00
6:25 PM,7.0,4.0,81,1031,10.0,SSW,18.5,-,N/A,,Unknown,210,2015-12-04 17:25:00
6:55 PM,7.0,4.0,81,1031,10.0,SSW,20.4,-,N/A,,Unknown,210,2015-12-04 17:55:00
7:00 PM,7,4,74,1032,35,SSW,18.0,,,,Partly Cloudy,210,2015-12-04 18:00:00
7:25 PM,6.0,3.0,81,1032,10.0,SSW,18.5,-,N/A,,Unknown,200,2015-12-04 18:25:00
7:55 PM,6.0,3.0,81,1032,10.0,SSW,18.5,-,N/A,,Unknown,200,2015-12-04 18:55:00
8:00 PM,6,4,77,1033,30,South,14.4,,,,Scattered Clouds,190,2015-12-04 19:00:00
8:25 PM,6.0,4.0,87,1032,10.0,SSW,20.4,-,N/A,,Unknown,200,2015-12-04 19:25:00
8:55 PM,6.0,4.0,87,1032,10.0,SSW,22.2,-,N/A,,Unknown,210,2015-12-04 19:55:00
9:00 PM,6,4,83,1033,27,SSW,18.0,,,,Scattered Clouds,200,2015-12-04 20:00:00
9:25 PM,6.0,4.0,87,1032,10.0,SSW,22.2,-,N/A,,Unknown,200,2015-12-04 20:25:00
9:55 PM,6.0,4.0,87,1032,10.0,SSW,24.1,-,N/A,,Unknown,210,2015-12-04 20:55:00
10:00 PM,6,4,80,1032,28,SSW,25.2,,,,Partly Cloudy,210,2015-12-04 21:00:00
10:25 PM,6.0,4.0,87,1031,10.0,SSW,25.9,-,N/A,,Unknown,200,2015-12-04 21:25:00
10:55 PM,6.0,4.0,87,1031,10.0,SSW,24.1,-,N/A,,Unknown,200,2015-12-04 21:55:00
11:00 PM,6,4,82,1032,29,SSW,21.6,,,,Scattered Clouds,210,2015-12-04 22:00:00
11:25 PM,6.0,4.0,87,1031,10.0,SSW,22.2,-,N/A,,Unknown,210,2015-12-04 22:25:00
11:55 PM,5.0,3.0,87,1031,10.0,SSW,24.1,-,N/A,,Unknown,200,2015-12-04 22:55:00
12:00 AM,11,7,72,1027,30,SSW,18.0,,,,Overcast,200,2015-12-06 23:00:00
12:25 AM,11.0,7.0,76,1027,10.0,SSW,22.2,-,N/A,,Overcast,200,2015-12-06 23:25:00
12:55 AM,11.0,7.0,76,1027,10.0,SSW,22.2,-,N/A,,Overcast,200,2015-12-06 23:55:00
1:00 AM,11,7,72,1028,30,SSW,18.0,,,,Partly Cloudy,200,2015-12-07 00:00:00
1:25 AM,11.0,7.0,76,1027,10.0,SSW,16.7,-,N/A,,Overcast,200,2015-12-07 00:25:00
1:55 AM,11.0,7.0,76,1027,10.0,SSW,18.5,-,N/A,,Overcast,200,2015-12-07 00:55:00
2:00 AM,10,7,73,1028,35,SSW,10.8,,,,Overcast,200,2015-12-07 01:00:00
2:25 AM,11.0,7.0,76,1028,10.0,SSW,16.7,-,N/A,,Overcast,200,2015-12-07 01:25:00
2:55 AM,11.0,7.0,76,1028,10.0,SSW,18.5,-,N/A,,Overcast,200,2015-12-07 01:55:00
3:00 AM,10,7,71,1028,35,SSW,18.0,,,,Overcast,200,2015-12-07 02:00:00
3:25 AM,10.0,7.0,82,1028,10.0,SSW,18.5,-,N/A,,Overcast,210,2015-12-07 02:25:00
3:55 AM,10.0,7.0,82,1028,10.0,SSW,16.7,-,N/A,,Partly Cloudy,210,2015-12-07 02:55:00
4:00 AM,10,7,71,1029,26,SSW,14.4,,,,Overcast,200,2015-12-07 03:00:00
4:25 AM,10.0,7.0,82,1028,10.0,SW,16.7,-,N/A,,Overcast,220,2015-12-07 03:25:00
4:55 AM,10.0,7.0,82,1028,10.0,SSW,14.8,-,N/A,,Overcast,210,2015-12-07 03:55:00
5:00 AM,10,7,75,1029,28,SSW,14.4,,,,Overcast,210,2015-12-07 04:00:00
5:25 AM,10.0,7.0,82,1028,10.0,SSW,14.8,-,N/A,,Overcast,210,2015-12-07 04:25:00
5:55 AM,10.0,7.0,82,1028,10.0,SSW,16.7,-,N/A,,Mostly Cloudy,210,2015-12-07 04:55:00
6:00 AM,10,7,77,1029,27,SSW,10.8,,,,Overcast,200,2015-12-07 05:00:00
6:25 AM,10.0,7.0,82,1029,10.0,SSW,14.8,-,N/A,,Mostly Cloudy,200,2015-12-07 05:25:00
6:55 AM,10.0,7.0,82,1029,10.0,SSW,14.8,-,N/A,,Unknown,200,2015-12-07 05:55:00
7:00 AM,10,7,76,1030,28,South,14.4,,,,Partly Cloudy,190,2015-12-07 06:00:00
7:25 AM,10.0,7.0,82,1029,10.0,SSW,16.7,-,N/A,,Unknown,200,2015-12-07 06:25:00
7:55 AM,10.0,7.0,82,1029,10.0,SSW,18.5,-,N/A,,Unknown,200,2015-12-07 06:55:00
8:00 AM,10,7,76,1030,29,South,14.4,,,,Overcast,190,2015-12-07 07:00:00
8:25 AM,10.0,7.0,82,1029,10.0,South,14.8,-,N/A,,Partly Cloudy,190,2015-12-07 07:25:00
8:55 AM,11.0,7.0,76,1029,10.0,SSW,16.7,-,N/A,Rain,Light Rain,200,2015-12-07 07:55:00
9:00 AM,10,7,74,1030,26,South,14.4,,,Rain,Rain,190,2015-12-07 08:00:00
9:25 AM,11.0,7.0,76,1030,10.0,SSW,16.7,-,N/A,,Unknown,200,2015-12-07 08:25:00
9:55 AM,11.0,8.0,82,1030,10.0,South,14.8,-,N/A,,Unknown,190,2015-12-07 08:55:00
10:00 AM,11,8,72,1031,30,SSW,18.0,,,,Partly Cloudy,200,2015-12-07 09:00:00
10:25 AM,11.0,8.0,82,1030,10.0,SSW,18.5,-,N/A,,Unknown,200,2015-12-07 09:25:00
10:55 AM,12.0,8.0,77,1030,10.0,SSW,18.5,-,N/A,,Unknown,210,2015-12-07 09:55:00
11:00 AM,12,8,70,1031,27,SSW,14.4,,,,Partly Cloudy,200,2015-12-07 10:00:00
11:25 AM,13.0,8.0,72,1030,10.0,SSW,22.2,-,N/A,,Unknown,200,2015-12-07 10:25:00
11:55 AM,13.0,8.0,72,1030,10.0,SSW,22.2,-,N/A,,Unknown,210,2015-12-07 10:55:00
12:00 PM,13,8,64,1031,29,SSW,21.6,,,,Partly Cloudy,210,2015-12-07 11:00:00
12:25 PM,13.0,8.0,72,1030,10.0,SW,24.1,-,N/A,,Unknown,220,2015-12-07 11:25:00
12:55 PM,14.0,8.0,67,1030,10.0,SSW,24.1,-,N/A,,Unknown,210,2015-12-07 11:55:00
1:00 PM,14,8,61,1030,22,SSW,21.6,,,,Partly Cloudy,210,2015-12-07 12:00:00
1:25 PM,14.0,8.0,67,1030,10.0,SW,22.2,-,N/A,,Unknown,220,2015-12-07 12:25:00
1:55 PM,14.0,8.0,67,1029,10.0,SW,18.5,-,N/A,,Unknown,220,2015-12-07 12:55:00
2:00 PM,14,8,60,1030,28,SW,18.0,,,,Partly Cloudy,220,2015-12-07 13:00:00
2:25 PM,14.0,8.0,67,1029,10.0,SW,20.4,-,N/A,,Unknown,230,2015-12-07 13:25:00
2:55 PM,13.0,8.0,72,1029,10.0,SW,16.7,-,N/A,,Unknown,220,2015-12-07 13:55:00
3:00 PM,14,8,63,1030,24,SW,14.4,,,,,220,2015-12-07 14:00:00
3:25 PM,13.0,8.0,72,1029,10.0,SSW,14.8,-,N/A,,Unknown,210,2015-12-07 14:25:00
3:55 PM,11.0,8.0,82,1029,10.0,SSW,13.0,-,N/A,,Unknown,200,2015-12-07 14:55:00
4:00 PM,11,7,71,1030,28,South,7.2,,,,,190,2015-12-07 15:00:00
4:25 PM,11.0,7.0,76,1029,10.0,South,7.4,-,N/A,,Unknown,190,2015-12-07 15:25:00
4:55 PM,12.0,7.0,72,1029,10.0,SE,5.6,-,N/A,,Unknown,140,2015-12-07 15:55:00
5:00 PM,11,7,69,1030,22,South,7.2,,,,Mostly Cloudy,170,2015-12-07 16:00:00
5:25 PM,11.0,7.0,76,1030,10.0,SSE,7.4,-,N/A,,Unknown,150,2015-12-07 16:25:00
5:55 PM,11.0,7.0,76,1029,10.0,SE,9.3,-,N/A,,Unknown,130,2015-12-07 16:55:00
6:00 PM,11,7,71,1030,17,SE,7.2,,,,Overcast,130,2015-12-07 17:00:00
6:25 PM,11.0,8.0,82,1029,10.0,SE,13.0,-,N/A,,Unknown,130,2015-12-07 17:25:00
6:55 PM,11.0,8.0,82,1029,10.0,SSE,13.0,-,N/A,,Unknown,150,2015-12-07 17:55:00
7:00 PM,11,8,71,1030,20,SE,10.8,,,,Partly Cloudy,140,2015-12-07 18:00:00
7:25 PM,11.0,8.0,82,1029,10.0,SSE,13.0,-,N/A,,Unknown,150,2015-12-07 18:25:00
7:55 PM,12.0,7.0,72,1029,10.0,SSE,11.1,-,N/A,,Unknown,150,2015-12-07 18:55:00
8:00 PM,12,7,63,1030,24,SE,10.8,,,,Overcast,140,2015-12-07 19:00:00
8:25 PM,12.0,7.0,72,1029,10.0,SSE,11.1,-,N/A,,Unknown,150,2015-12-07 19:25:00
8:55 PM,11.0,7.0,76,1029,10.0,SSE,9.3,-,N/A,,Unknown,150,2015-12-07 19:55:00
9:00 PM,12,7,64,1030,22,SE,10.8,,,,Overcast,140,2015-12-07 20:00:00
9:25 PM,11.0,7.0,76,1029,10.0,SSE,13.0,-,N/A,,Unknown,150,2015-12-07 20:25:00
9:55 PM,11.0,7.0,76,1029,10.0,South,11.1,-,N/A,,Unknown,180,2015-12-07 20:55:00
10:00 PM,11,7,69,1030,26,South,10.8,,,,Partly Cloudy,180,2015-12-07 21:00:00
10:25 PM,11.0,8.0,82,1029,10.0,South,13.0,-,N/A,,Unknown,180,2015-12-07 21:25:00
10:55 PM,11.0,8.0,82,1029,10.0,South,13.0,-,N/A,,Unknown,180,2015-12-07 21:55:00
11:00 PM,10,7,75,1030,23,South,10.8,,,,Partly Cloudy,190,2015-12-07 22:00:00
11:25 PM,10.0,7.0,82,1029,10.0,South,13.0,-,N/A,,Unknown,190,2015-12-07 22:25:00
11:55 PM,10.0,7.0,82,1029,10.0,South,9.3,-,N/A,,Unknown,170,2015-12-07 22:55:00
12:00 AM,10,7,76,1030,23,South,7.2,,,,Scattered Clouds,180,2015-12-07 23:00:00
12:25 AM,10.0,7.0,82,1029,10.0,South,13.0,-,N/A,,Unknown,170,2015-12-07 23:25:00
12:55 AM,11.0,7.0,76,1029,10.0,South,13.0,-,N/A,,Unknown,180,2015-12-07 23:55:00
1:00 AM,10,7,74,1029,26,South,10.8,,,,Partly Cloudy,180,2015-12-08 00:00:00
1:25 AM,11.0,7.0,76,1029,10.0,South,13.0,-,N/A,,Unknown,180,2015-12-08 00:25:00
1:55 AM,10.0,7.0,82,1028,10.0,South,11.1,-,N/A,,Unknown,180,2015-12-08 00:55:00
2:00 AM,10,7,73,1029,27,South,14.4,,,,Partly Cloudy,170,2015-12-08 01:00:00
2:25 AM,10.0,6.0,76,1028,10.0,South,16.7,-,N/A,,Unknown,180,2015-12-08 01:25:00
2:55 AM,9.0,6.0,82,1028,10.0,South,13.0,-,N/A,,Unknown,190,2015-12-08 01:55:00
3:00 AM,9,6,76,1029,25,SSW,10.8,,,,Scattered Clouds,200,2015-12-08 02:00:00
3:25 AM,9.0,6.0,82,1029,10.0,SW,16.7,-,N/A,,Unknown,220,2015-12-08 02:25:00
3:55 AM,9.0,6.0,82,1028,10.0,South,14.8,-,N/A,,Unknown,190,2015-12-08 02:55:00
4:00 AM,9,6,73,1029,22,South,18.0,,,,Partly Cloudy,190,2015-12-08 03:00:00
4:25 AM,9.0,6.0,82,1028,10.0,South,14.8,-,N/A,,Unknown,190,2015-12-08 03:25:00
4:55 AM,9.0,6.0,82,1028,10.0,South,16.7,-,N/A,,Unknown,190,2015-12-08 03:55:00
5:00 AM,9,6,71,1028,24,South,14.4,,,,Scattered Clouds,180,2015-12-08 04:00:00
5:25 AM,9.0,6.0,82,1028,10.0,South,16.7,-,N/A,,Unknown,180,2015-12-08 04:25:00
5:55 AM,9.0,6.0,82,1028,10.0,South,16.7,-,N/A,,Unknown,180,2015-12-08 04:55:00
6:00 AM,9,6,70,1028,30,South,10.8,,,,Scattered Clouds,170,2015-12-08 05:00:00
6:25 AM,10.0,6.0,76,1027,10.0,South,13.0,-,N/A,,Unknown,180,2015-12-08 05:25:00
6:55 AM,9.0,6.0,82,1027,10.0,SSE,13.0,-,N/A,,Unknown,160,2015-12-08 05:55:00
7:00 AM,9,5,72,1028,27,SSE,10.8,,,,Partly Cloudy,160,2015-12-08 06:00:00
7:25 AM,9.0,6.0,82,1027,10.0,SSE,13.0,-,N/A,,Unknown,160,2015-12-08 06:25:00
7:55 AM,9.0,6.0,82,1027,10.0,SSE,14.8,-,N/A,,Unknown,160,2015-12-08 06:55:00
8:00 AM,9,6,72,1028,22,SSE,14.4,,,,Scattered Clouds,160,2015-12-08 07:00:00
8:25 AM,9.0,6.0,82,1027,10.0,SSE,14.8,-,N/A,,Unknown,160,2015-12-08 07:25:00
8:55 AM,9.0,6.0,82,1027,10.0,South,13.0,-,N/A,,Unknown,170,2015-12-08 07:55:00
9:00 AM,9,6,72,1028,20,SSE,10.8,,,,,160,2015-12-08 08:00:00
9:25 AM,9.0,6.0,82,1027,10.0,South,14.8,-,N/A,,Unknown,180,2015-12-08 08:25:00
9:55 AM,10.0,6.0,76,1027,10.0,South,14.8,-,N/A,,Unknown,180,2015-12-08 08:55:00
10:00 AM,10,6,70,1028,25,South,18.0,,,,Partly Cloudy,180,2015-12-08 09:00:00
10:25 AM,10.0,6.0,76,1027,10.0,South,20.4,-,N/A,,Unknown,190,2015-12-08 09:25:00
10:55 AM,11.0,7.0,76,1028,10.0,South,22.2,-,N/A,,Unknown,190,2015-12-08 09:55:00
11:00 AM,11,6,64,1028,30,South,18.0,,,,,190,2015-12-08 10:00:00
11:25 AM,12.0,6.0,67,1027,10.0,South,25.9,-,N/A,,Unknown,190,2015-12-08 10:25:00
11:55 AM,12.0,7.0,72,1027,10.0,SSW,27.8,-,N/A,,Unknown,200,2015-12-08 10:55:00
12:00 PM,12,7,64,1028,25,South,21.6,,,,,190,2015-12-08 11:00:00
12:25 PM,12.0,7.0,72,1027,10.0,SSW,18.5,-,N/A,,Unknown,200,2015-12-08 11:25:00
12:55 PM,13.0,7.0,67,1027,10.0,SSW,24.1,-,N/A,,Unknown,200,2015-12-08 11:55:00
1:00 PM,13,7,59,1027,30,South,21.6,,,,Partly Cloudy,190,2015-12-08 12:00:00
1:25 PM,13.0,7.0,67,1026,10.0,SSW,20.4,-,N/A,,Unknown,210,2015-12-08 12:25:00
1:55 PM,13.0,7.0,67,1026,10.0,SSW,25.9,-,N/A,,Unknown,200,2015-12-08 12:55:00
2:00 PM,13,7,60,1026,27,SSW,21.6,,,,Scattered Clouds,200,2015-12-08 13:00:00
2:25 PM,13.0,7.0,67,1026,10.0,South,18.5,-,N/A,,Unknown,190,2015-12-08 13:25:00
2:55 PM,13.0,7.0,67,1026,10.0,South,22.2,-,N/A,,Unknown,190,2015-12-08 13:55:00
3:00 PM,12,8,65,1026,30,South,21.6,,,,Partly Cloudy,190,2015-12-08 14:00:00
3:25 PM,12.0,7.0,72,1025,10.0,SSW,20.4,-,N/A,,Unknown,200,2015-12-08 14:25:00
3:55 PM,12.0,8.0,77,1025,10.0,SSW,22.2,-,N/A,,Partly Cloudy,200,2015-12-08 14:55:00
4:00 PM,12,8,65,1026,35,SSW,25.2,,,,Partly Cloudy,200,2015-12-08 15:00:00
4:25 PM,12.0,8.0,77,1025,10.0,SSW,25.9,-,N/A,,Overcast,200,2015-12-08 15:25:00
4:55 PM,12.0,7.0,72,1025,10.0,SSW,27.8,-,N/A,,Unknown,200,2015-12-08 15:55:00
5:00 PM,12,8,65,1026,35,South,21.6,,,,Mostly Cloudy,190,2015-12-08 16:00:00
5:25 PM,12.0,8.0,77,1025,10.0,SSW,29.6,-,N/A,,Unknown,200,2015-12-08 16:25:00
5:55 PM,12.0,8.0,77,1026,10.0,SSW,27.8,-,N/A,,Partly Cloudy,200,2015-12-08 16:55:00
6:00 PM,12,8,66,1026,30,SSW,21.6,,,,Overcast,200,2015-12-08 17:00:00
6:25 PM,12.0,8.0,77,1026,10.0,SSW,27.8,-,N/A,,Overcast,210,2015-12-08 17:25:00
6:55 PM,11.0,9.0,88,1026,10.0,SSW,25.9,-,N/A,Rain,Light Rain,200,2015-12-08 17:55:00
7:00 PM,11,9,79,1027,15,SSW,21.6,,,Rain,Light Rain Showers,200,2015-12-08 18:00:00
7:25 PM,11.0,9.0,88,1026,10.0,SSW,24.1,-,N/A,Rain,Light Rain,200,2015-12-08 18:25:00
7:55 PM,11.0,9.0,88,1027,10.0,SSW,20.4,-,N/A,Rain,Light Rain Showers,200,2015-12-08 18:55:00
8:00 PM,10,9,90,1028,12,SSW,14.4,,,Rain,Light Rain,200,2015-12-08 19:00:00
8:25 PM,11.0,10.0,94,1027,8.0,SSW,22.2,-,N/A,Rain,Light Rain Showers,210,2015-12-08 19:25:00
8:55 PM,11.0,9.0,88,1027,10.0,SW,20.4,-,N/A,,Light Drizzle,220,2015-12-08 19:55:00
9:00 PM,11,9,89,1028,11,SW,18.0,,,Rain,Light Drizzle,220,2015-12-08 20:00:00
9:25 PM,10.0,10.0,100,1027,-9999.0,SW,18.5,-,N/A,Rain,Light Rain,230,2015-12-08 20:25:00
9:55 PM,10.0,10.0,100,1027,7.0,SW,22.2,-,N/A,Rain,Light Rain,220,2015-12-08 20:55:00
10:00 PM,10,10,92,1028,7,SW,21.6,,,Rain,Light Rain,220,2015-12-08 21:00:00
10:25 PM,10.0,10.0,100,1028,9.0,SW,22.2,-,N/A,Rain,Light Rain,230,2015-12-08 21:25:00
10:55 PM,10.0,9.0,94,1028,9.0,SW,22.2,-,N/A,Rain,Light Rain,230,2015-12-08 21:55:00
11:00 PM,10,9,89,1029,8,WSW,18.0,,,Rain,Rain,240,2015-12-08 22:00:00
11:25 PM,10.0,9.0,94,1028,8.0,SW,20.4,-,N/A,Rain,Light Rain,230,2015-12-08 22:25:00
11:55 PM,10.0,9.0,94,1029,10.0,SW,20.4,-,N/A,,Mostly Cloudy,220,2015-12-08 22:55:00
12:00 AM,10,9,90,1030,11,SW,14.4,,,Rain,Rain,220,2015-12-08 23:00:00
12:25 AM,10.0,9.0,94,1029,10.0,SW,20.4,-,N/A,,Overcast,230,2015-12-08 23:25:00
12:55 AM,10.0,8.0,87,1029,10.0,SW,14.8,-,N/A,,Mostly Cloudy,230,2015-12-08 23:55:00
1:00 AM,10,8,88,1030,10,WSW,14.4,,,,Partly Cloudy,240,2015-12-09 00:00:00
1:25 AM,9.0,8.0,93,1029,10.0,SW,16.7,-,N/A,,Unknown,230,2015-12-09 00:25:00
1:55 AM,9.0,7.0,87,1029,10.0,SW,16.7,-,N/A,,Unknown,230,2015-12-09 00:55:00
2:00 AM,8,7,87,1030,13,SW,14.4,,,,Scattered Clouds,230,2015-12-09 01:00:00
2:25 AM,8.0,7.0,93,1030,10.0,SW,18.5,-,N/A,,Unknown,220,2015-12-09 01:25:00
2:55 AM,8.0,6.0,87,1030,10.0,SW,20.4,-,N/A,,Partly Cloudy,220,2015-12-09 01:55:00
3:00 AM,8,6,87,1031,13,SW,14.4,,,,Scattered Clouds,230,2015-12-09 02:00:00
3:25 AM,8.0,6.0,87,1030,10.0,WSW,14.8,-,N/A,,Mostly Cloudy,240,2015-12-09 02:25:00
3:55 AM,8.0,6.0,87,1031,10.0,WSW,13.0,-,N/A,,Overcast,240,2015-12-09 02:55:00
4:00 AM,8,6,87,1031,13,WSW,14.4,,,,Partly Cloudy,240,2015-12-09 03:00:00
4:25 AM,8.0,6.0,87,1031,10.0,SW,14.8,-,N/A,,Overcast,230,2015-12-09 03:25:00
4:55 AM,8.0,6.0,87,1031,10.0,WSW,13.0,-,N/A,,Overcast,240,2015-12-09 03:55:00
5:00 AM,8,6,82,1032,14,SW,14.4,,,,Overcast,230,2015-12-09 04:00:00
5:25 AM,8.0,6.0,87,1032,10.0,SW,14.8,-,N/A,,Overcast,230,2015-12-09 04:25:00
5:55 AM,8.0,6.0,87,1032,10.0,WSW,11.1,-,N/A,,Overcast,250,2015-12-09 04:55:00
6:00 AM,7,6,85,1033,16,WSW,10.8,,,,Partly Cloudy,250,2015-12-09 05:00:00
6:25 AM,7.0,5.0,87,1033,10.0,WSW,9.3,-,N/A,,Partly Cloudy,250,2015-12-09 05:25:00
6:55 AM,7.0,5.0,87,1033,10.0,WSW,11.1,-,N/A,,Mostly Cloudy,240,2015-12-09 05:55:00
7:00 AM,6,5,85,1034,15,SW,10.8,,,,Partly Cloudy,230,2015-12-09 06:00:00
7:25 AM,6.0,5.0,93,1034,10.0,WSW,11.1,-,N/A,,Scattered Clouds,240,2015-12-09 06:25:00
7:55 AM,6.0,5.0,93,1034,10.0,SW,11.1,-,N/A,,Scattered Clouds,230,2015-12-09 06:55:00
8:00 AM,6,4,89,1035,12,SW,10.8,,,,Scattered Clouds,230,2015-12-09 07:00:00
8:25 AM,5.0,4.0,93,1034,10.0,SW,11.1,-,N/A,,Partly Cloudy,230,2015-12-09 07:25:00
8:55 AM,5.0,4.0,93,1035,10.0,SW,11.1,-,N/A,,Mostly Cloudy,220,2015-12-09 07:55:00
9:00 AM,5,4,89,1036,12,SW,10.8,,,,Partly Cloudy,220,2015-12-09 08:00:00
9:25 AM,6.0,4.0,87,1035,10.0,SW,13.0,-,N/A,,Partly Cloudy,220,2015-12-09 08:25:00
9:55 AM,6.0,5.0,93,1036,10.0,SW,14.8,-,N/A,,Partly Cloudy,230,2015-12-09 08:55:00
10:00 AM,6,5,87,1037,14,SSW,10.8,,,,Partly Cloudy,210,2015-12-09 09:00:00
10:25 AM,7.0,5.0,87,1036,10.0,SW,14.8,-,N/A,,Unknown,220,2015-12-09 09:25:00
10:55 AM,7.0,5.0,87,1036,10.0,SW,14.8,-,N/A,,Unknown,230,2015-12-09 09:55:00
11:00 AM,7,5,81,1037,15,SW,14.4,,,,Scattered Clouds,220,2015-12-09 10:00:00
11:25 AM,8.0,5.0,81,1037,10.0,SW,14.8,-,N/A,,Unknown,230,2015-12-09 10:25:00
11:55 AM,8.0,5.0,81,1037,10.0,SW,14.8,-,N/A,,Partly Cloudy,230,2015-12-09 10:55:00
12:00 PM,8,5,79,1038,13,WSW,10.8,,,,Scattered Clouds,240,2015-12-09 11:00:00
12:25 PM,8.0,6.0,87,1037,10.0,SW,13.0,-,N/A,,Partly Cloudy,230,2015-12-09 11:25:00
12:55 PM,9.0,6.0,82,1036,10.0,SW,16.7,-,N/A,,Partly Cloudy,220,2015-12-09 11:55:00
1:00 PM,8,6,76,1037,15,SW,14.4,,,,Partly Cloudy,230,2015-12-09 12:00:00
1:25 PM,9.0,6.0,82,1037,10.0,SW,18.5,-,N/A,,Mostly Cloudy,230,2015-12-09 12:25:00
1:55 PM,9.0,6.0,82,1037,10.0,SW,18.5,-,N/A,,Mostly Cloudy,230,2015-12-09 12:55:00
2:00 PM,9,6,76,1038,15,SW,14.4,,,,Mostly Cloudy,220,2015-12-09 13:00:00
2:25 PM,8.0,5.0,81,1037,10.0,SW,22.2,-,N/A,,Unknown,220,2015-12-09 13:25:00
2:55 PM,9.0,5.0,76,1037,10.0,SW,18.5,-,N/A,,Unknown,230,2015-12-09 13:55:00
3:00 PM,8,5,71,1038,19,SW,14.4,,,,Scattered Clouds,230,2015-12-09 14:00:00
3:25 PM,8.0,4.0,76,1037,10.0,SW,14.8,-,N/A,,Unknown,230,2015-12-09 14:25:00
3:55 PM,8.0,4.0,76,1037,10.0,SW,16.7,-,N/A,,Unknown,230,2015-12-09 14:55:00
4:00 PM,8,4,69,1038,20,SW,14.4,,,,Partly Cloudy,230,2015-12-09 15:00:00
4:25 PM,7.0,4.0,81,1037,10.0,SW,14.8,-,N/A,,Unknown,220,2015-12-09 15:25:00
4:55 PM,6.0,4.0,87,1037,10.0,SW,16.7,-,N/A,,Unknown,220,2015-12-09 15:55:00
5:00 PM,6,4,77,1038,18,SSW,10.8,,,,,210,2015-12-09 16:00:00
5:25 PM,6.0,3.0,81,1037,10.0,SSW,11.1,-,N/A,,Unknown,200,2015-12-09 16:25:00
5:55 PM,5.0,3.0,87,1037,10.0,SSW,13.0,-,N/A,,Unknown,200,2015-12-09 16:55:00
6:00 PM,5,3,85,1038,16,South,10.8,,,,Overcast,190,2015-12-09 17:00:00
6:25 PM,6.0,4.0,87,1037,10.0,SSW,16.7,-,N/A,,Unknown,200,2015-12-09 17:25:00
6:55 PM,6.0,4.0,87,1037,10.0,SSW,18.5,-,N/A,,Unknown,200,2015-12-09 17:55:00
7:00 PM,6,4,82,1038,16,South,18.0,,,,Partly Cloudy,190,2015-12-09 18:00:00
7:25 PM,5.0,4.0,93,1037,10.0,SSW,18.5,-,N/A,,Unknown,200,2015-12-09 18:25:00
7:55 PM,5.0,4.0,93,1037,10.0,South,18.5,-,N/A,,Unknown,190,2015-12-09 18:55:00
8:00 PM,5,4,89,1038,14,South,14.4,,,,,190,2015-12-09 19:00:00
8:25 PM,5.0,4.0,93,1037,10.0,SSW,24.1,-,N/A,,Partly Cloudy,200,2015-12-09 19:25:00
8:55 PM,5.0,4.0,93,1037,10.0,SSW,22.2,-,N/A,,Partly Cloudy,200,2015-12-09 19:55:00
9:00 PM,5,4,88,1038,12,South,18.0,,,,,190,2015-12-09 20:00:00
9:25 PM,5.0,4.0,93,1037,10.0,South,20.4,-,N/A,,Unknown,190,2015-12-09 20:25:00
9:55 PM,5.0,4.0,93,1037,10.0,SSW,22.2,-,N/A,,Unknown,200,2015-12-09 20:55:00
10:00 PM,5,4,86,1038,16,SSW,21.6,,,,Partly Cloudy,200,2015-12-09 21:00:00
10:25 PM,5.0,3.0,87,1037,10.0,SSW,22.2,-,N/A,,Unknown,200,2015-12-09 21:25:00
10:55 PM,5.0,3.0,87,1036,10.0,SSW,24.1,-,N/A,,Unknown,200,2015-12-09 21:55:00
11:00 PM,5,3,84,1037,17,South,18.0,,,,Scattered Clouds,190,2015-12-09 22:00:00
11:25 PM,5.0,3.0,87,1036,10.0,SSW,24.1,-,N/A,,Unknown,200,2015-12-09 22:25:00
11:55 PM,5.0,3.0,87,1036,10.0,South,24.1,-,N/A,,Unknown,190,2015-12-09 22:55:00
